Date,Units Sold,Inventory Level,Units Ordered,Price,Discount,Promotion,Competitor Pricing,Epidemic,Demand,Category,Region,Weather Condition,Seasonality
2022-01-01,86.01,193.83,206.35,68.669,6.45,0.15,70.85,0.0,100.6,2.24,1.4,1.8,3.0
2022-01-02,76.84,123.85,188.01,70.3806,7.35,0.2,72.4986,0.0,108.14,2.24,1.4,1.4,3.0
2022-01-03,59.65,103.56,97.22,69.791,9.15,0.35,72.1262,0.0,113.17,2.24,1.4,1.4,3.0
2022-01-04,78.59,180.71,97.89,69.8443,10.3,0.45,72.0545,0.0,114.69,2.24,1.4,1.4,3.0
2022-01-05,96.21,271.52,73.92,66.819,14.35,0.7,68.6097,0.0,117.24,2.24,1.4,1.8,3.0
2022-01-06,95.03,337.95,90.32,69.6041,7.5,0.25,72.1883,0.0,109.38,2.24,1.4,2.4,3.0
2022-01-07,100.45,333.57,94.13,69.4957,10.0,0.4,71.94,0.0,115.84,2.24,1.4,1.4,3.0
2022-01-08,99.8,332.95,119.44,69.1135,12.55,0.6,71.3043,0.0,120.6,2.24,1.4,1.4,3.0
2022-01-09,96.61,312.53,85.47,70.9526,7.75,0.15,72.8224,0.0,114.27,2.24,1.4,1.8,3.0
2022-01-10,99.28,315.28,102.09,70.6175,8.85,0.3,72.7296,0.0,115.23,2.24,1.4,0.0,3.0
2022-01-11,99.57,315.11,139.93,70.5719,10.0,0.4,73.325,0.0,121.04,2.24,1.4,1.2,3.0
2022-01-12,92.79,302.13,89.96,67.69409999999999,10.3,0.4,68.3386,0.0,110.19,2.24,1.4,2.2,3.0
2022-01-13,99.04,336.47,86.26,68.9118,10.8,0.4,68.7057,0.0,109.9,2.24,1.4,0.0,3.0
2022-01-14,95.07,326.96,105.8,69.9782,9.0,0.3,70.4785,0.0,113.99,2.24,1.4,1.6,3.0
2022-01-15,95.66,355.44,82.74,69.44319999999999,9.35,0.3,71.9272,0.0,114.36,2.24,1.4,2.6,3.0
2022-01-16,92.18,350.96,61.41,68.145,9.3,0.35,69.9645,0.0,106.29,2.24,1.4,1.4,3.0
2022-01-17,100.74,369.96,104.69,68.60340000000001,9.95,0.45,72.52690000000001,0.0,120.36,2.24,1.4,2.0,3.0
2022-01-18,94.44,350.68,78.09,66.4447,10.5,0.45,68.1416,0.0,106.51,2.24,1.4,1.2,3.0
2022-01-19,86.89,320.49,101.19,69.7004,7.6,0.25,69.93,0.0,108.78,2.24,1.4,1.4,3.0
2022-01-20,94.89,345.01,87.13,67.6643,10.25,0.4,69.7761,0.0,108.22,2.24,1.4,1.8,3.0
2022-01-21,99.05,308.12,98.81,69.4982,9.5,0.35,70.8272,0.0,113.27,2.24,1.4,2.6,3.0
2022-01-22,99.08,307.36,109.13,69.67020000000001,10.95,0.5,72.8343,0.0,120.24,2.24,1.4,2.2,3.0
2022-01-23,87.21,307.0,97.3,68.2001,8.85,0.35,71.476,0.0,105.15,2.24,1.4,1.4,3.0
2022-01-24,88.22,288.04,80.05,68.1333,10.25,0.4,69.6164,0.0,105.7,2.24,1.4,1.4,3.0
2022-01-25,84.34,302.17,58.66,67.6211,7.65,0.25,69.65230000000001,0.0,98.18,2.24,1.4,1.6,3.0
2022-01-26,92.71,339.46,88.19,68.33099999999999,9.2,0.35,69.1629,0.0,105.84,2.24,1.4,0.8,3.0
2022-01-27,92.76,349.45,106.19,67.7539,9.25,0.35,70.7663,0.0,106.59,2.24,1.4,0.8,3.0
2022-01-28,89.45,308.35,79.79,69.3845,7.25,0.2,70.1852,0.0,105.22,2.24,1.4,2.0,3.0
2022-01-29,96.55,288.41,104.07,73.4969,4.85,0.0,74.5219,0.0,110.64,2.24,1.4,2.4,3.0
2022-01-30,79.92,287.92,73.51,69.2889,5.25,0.0,71.3749,0.0,95.53,2.24,1.4,1.2,3.0
2022-01-31,85.92,312.2,78.37,70.4056,5.3,0.0,71.8819,0.0,100.28,2.24,1.4,1.2,3.0
2022-02-01,95.99,325.32,96.36,67.2877,10.85,0.5,67.5624,0.0,107.91,2.24,1.4,2.0,3.0
2022-02-02,107.46,315.92,154.14,69.8447,11.7,0.5,73.7854,0.0,126.98,2.24,1.4,1.8,3.0
2022-02-03,105.31,281.8,155.22,69.5168,13.05,0.6,71.77770000000001,0.0,127.79,2.24,1.4,0.6,3.0
2022-02-04,97.57,286.88,72.78,71.9925,7.1,0.2,73.4345,0.0,113.63,2.24,1.4,2.0,3.0
2022-02-05,100.85,288.93,99.37,70.1754,9.75,0.35,71.9779,0.0,119.14,2.24,1.4,1.8,3.0
2022-02-06,92.98,351.41,84.68,69.1753,8.6,0.25,71.0034,0.0,113.54,2.24,1.4,1.6,3.0
2022-02-07,94.72,377.39,90.65,69.5394,9.4,0.35,70.9279,0.0,110.24,2.24,1.4,2.4,3.0
2022-02-08,100.74,347.32,66.23,68.9663,10.05,0.4,70.3654,0.0,114.73,2.24,1.4,2.4,3.0
2022-02-09,106.99,341.23,115.39,72.1205,8.8,0.3,73.304,0.0,123.91,2.24,1.4,2.4,3.0
2022-02-10,97.61,340.83,121.89,70.4389,8.85,0.3,71.7321,0.0,115.1,2.24,1.4,1.6,3.0
2022-02-11,96.15,314.55,89.52,72.3982,6.8,0.15,73.72980000000001,0.0,114.91,2.24,1.4,2.2,3.0
2022-02-12,99.18,305.29,124.72,71.7607,9.2,0.3,72.9818,0.0,120.58,2.24,1.4,2.0,3.0
2022-02-13,86.46,311.86,74.06,67.4893,10.05,0.4,70.51939999999999,0.0,106.07,2.24,1.4,1.2,3.0
2022-02-14,101.73,351.58,104.41,68.6997,13.7,0.65,70.19069999999999,0.0,124.94,2.24,1.4,1.4,3.0
2022-02-15,94.53,348.76,77.75,67.5771,10.65,0.45,67.66329999999999,0.0,107.27,2.24,1.4,1.6,3.0
2022-02-16,98.0,341.69,105.74,71.58970000000001,9.55,0.35,73.3111,0.0,118.04,2.24,1.4,1.6,3.0
2022-02-17,94.28,339.24,66.26,69.7809,8.55,0.3,73.07390000000001,0.0,108.57,2.24,1.4,1.6,3.0
2022-02-18,100.17,340.61,96.33,72.8206,7.45,0.2,74.9314,0.0,117.57,2.24,1.4,3.0,3.0
2022-02-19,102.53,338.34,103.15,71.4497,8.2,0.3,73.9267,0.0,118.73,2.24,1.4,1.8,3.0
2022-02-20,94.83,319.41,83.38,69.564,8.9,0.4,70.4864,0.0,111.7,2.24,1.4,1.6,3.0
2022-02-21,92.42,323.79,70.0,68.3453,10.15,0.4,69.1324,0.0,106.19,2.24,1.4,1.4,3.0
2022-02-22,88.61,318.7,130.9,70.0736,8.15,0.2,72.4219,0.0,109.73,2.24,1.4,2.2,3.0
2022-02-23,99.99,292.4,96.56,70.1432,9.55,0.4,71.4637,0.0,117.69,2.24,1.4,2.6,3.0
2022-02-24,89.4,308.67,75.2,67.5412,9.5,0.4,68.6871,0.0,102.32,2.24,1.4,1.6,3.0
2022-02-25,89.0,290.75,72.43,69.1752,8.0,0.25,71.1474,0.0,101.52,2.24,1.4,1.2,3.0
2022-02-26,93.67,306.3,75.22,69.17699999999999,8.1,0.25,70.5305,0.0,105.14,2.24,1.4,0.4,3.0
2022-02-27,100.4,311.54,171.0,69.7875,12.25,0.55,72.1926,0.0,128.41,2.24,1.4,2.6,3.0
2022-02-28,89.51,296.12,72.14,69.094,8.75,0.3,70.6271,0.0,106.48,2.24,1.4,1.2,3.0
2022-03-01,100.5,297.5,89.35,70.5562,8.75,0.35,73.0375,0.0,119.14,2.24,1.4,2.6,1.0
2022-03-02,87.75,312.54,93.03,68.2757,7.5,0.2,69.7433,0.0,102.5,2.24,1.4,0.2,1.0
2022-03-03,101.92,314.23,109.8,70.22109999999999,9.15,0.35,71.839,0.0,117.58,2.24,1.4,2.2,1.0
2022-03-04,103.23,315.44,134.93,72.19369999999999,8.6,0.35,72.77850000000001,0.0,122.75,2.24,1.4,1.2,1.0
2022-03-05,105.57,307.09,116.76,70.4839,9.85,0.35,73.8162,0.0,122.75,2.24,1.4,2.0,1.0
2022-03-06,93.49,313.49,61.66,69.9501,9.05,0.3,73.1365,0.0,113.54,2.24,1.4,1.2,1.0
2022-03-07,99.16,312.83,95.12,68.7056,10.25,0.4,69.5256,0.0,114.52,2.24,1.4,1.4,1.0
2022-03-08,103.65,345.56,92.38,69.3526,9.1,0.3,72.064,0.0,114.98,2.24,1.4,0.6,1.0
2022-03-09,99.6,333.28,116.91,70.1358,9.75,0.4,70.7799,0.0,119.29,2.24,1.4,2.2,1.0
2022-03-10,93.35,330.94,84.23,66.7721,9.85,0.35,69.7921,0.0,105.74,2.24,1.4,1.0,1.0
2022-03-11,94.95,317.59,72.26,67.7374,8.9,0.35,69.54090000000001,0.0,106.4,2.24,1.4,0.8,1.0
2022-03-12,115.18,310.59,154.02,69.8083,11.55,0.45,72.6675,0.0,128.6,2.24,1.4,1.8,1.0
2022-03-13,95.55,307.7,95.26,70.4785,8.9,0.3,71.82300000000001,0.0,115.47,2.24,1.4,2.6,1.0
2022-03-14,87.68,316.42,78.33,68.7753,8.2,0.25,70.6712,0.0,107.79,2.24,1.4,0.2,1.0
2022-03-15,102.46,330.06,93.65,70.1248,10.4,0.45,71.5484,0.0,117.65,2.24,1.4,2.2,1.0
2022-03-16,99.99,342.16,93.34,68.3111,11.25,0.45,69.9079,0.0,118.52,2.24,1.4,1.0,1.0
2022-03-17,94.33,344.46,102.74,68.7052,9.7,0.4,69.4036,0.0,114.21,2.24,1.4,0.8,1.0
2022-03-18,94.02,334.86,79.03,68.7392,8.7,0.35,68.7252,0.0,107.65,2.24,1.4,1.4,1.0
2022-03-19,87.76,318.1,97.49,67.11,8.95,0.3,68.415,0.0,102.26,2.24,1.4,0.6,1.0
2022-03-20,105.68,302.5,128.99,71.6762,9.4,0.4,72.82690000000001,0.0,122.98,2.24,1.4,2.2,1.0
2022-03-21,99.38,311.75,103.76,72.2817,7.25,0.2,72.985,0.0,120.65,2.24,1.4,3.0,1.0
2022-03-22,86.7,334.27,42.74,66.47149999999999,8.6,0.3,69.5079,0.0,98.26,2.24,1.4,0.8,1.0
2022-03-23,99.06,329.75,113.64,69.5075,8.5,0.3,70.6186,0.0,115.47,2.24,1.4,2.2,1.0
2022-03-24,98.08,336.2,114.86,70.3777,7.65,0.25,72.5671,0.0,115.09,2.24,1.4,2.6,1.0
2022-03-25,106.29,329.38,105.59,69.2921,11.5,0.55,72.0684,0.0,122.56,2.24,1.4,0.6,1.0
2022-03-26,105.76,297.55,113.51,68.9856,11.5,0.5,72.06569999999999,0.0,125.75,2.24,1.4,1.2,1.0
2022-03-27,111.69,320.55,137.53,71.54350000000001,10.7,0.45,73.687,0.0,129.22,2.24,1.4,2.6,1.0
2022-03-28,92.88,323.45,55.6,66.0694,10.25,0.4,67.34,0.0,102.48,2.24,1.4,1.0,1.0
2022-03-29,93.88,321.55,79.71,73.0946,4.45,0.0,73.04979999999999,0.0,108.63,2.24,1.4,1.4,1.0
2022-03-30,89.82,360.78,55.29,68.30369999999999,5.45,0.0,70.6962,0.0,99.02,2.24,1.4,0.2,1.0
2022-03-31,88.16,349.23,78.52,70.8208,4.4,0.0,72.84819999999999,0.0,100.28,2.24,1.4,1.2,1.0
2022-04-01,102.73,305.09,170.39,70.5846,9.75,0.45,71.4616,0.0,121.3,2.24,1.4,1.4,1.0
2022-04-02,97.87,301.94,73.71,68.3699,9.9,0.35,70.2057,0.0,112.58,2.24,1.4,1.8,1.0
2022-04-03,93.79,307.02,88.05,69.1451,8.6,0.3,72.0102,0.0,112.05,2.24,1.4,0.6,1.0
2022-04-04,89.7,304.93,76.82,65.87899999999999,11.3,0.45,68.165,0.0,103.42,2.24,1.4,0.6,1.0
2022-04-05,97.03,324.28,99.69,69.018,9.7,0.35,70.5323,0.0,111.18,2.24,1.4,0.4,1.0
2022-04-06,102.75,308.66,116.37,70.2253,12.0,0.55,71.6004,0.0,127.3,2.24,1.4,0.6,1.0
2022-04-07,102.31,293.23,102.86,69.8422,10.05,0.4,72.3196,0.0,116.7,2.24,1.4,2.0,1.0
2022-04-08,102.59,302.87,110.72,69.1376,11.3,0.55,72.0256,0.0,123.04,2.24,1.4,2.2,1.0
2022-04-09,88.93,283.79,49.85,67.5878,9.1,0.3,68.9271,0.0,102.4,2.24,1.4,1.0,1.0
2022-04-10,92.37,298.73,97.96,69.0932,7.25,0.15,72.2165,0.0,104.42,2.24,1.4,0.4,1.0
2022-04-11,99.46,295.7,120.33,69.3917,10.85,0.45,71.0642,0.0,119.89,2.24,1.4,1.4,1.0
2022-04-12,105.28,299.62,125.22,69.9461,12.45,0.55,70.7346,0.0,127.67,2.24,1.4,1.8,1.0
2022-04-13,100.28,300.66,84.41,70.80900000000001,10.15,0.35,71.5573,0.0,119.8,2.24,1.4,1.8,1.0
2022-04-14,92.26,301.46,88.03,70.1566,7.6,0.2,73.0385,0.0,108.15,2.24,1.4,1.6,1.0
2022-04-15,96.32,308.14,117.24,71.1551,9.05,0.3,71.2892,0.0,118.05,2.24,1.4,2.6,1.0
2022-04-16,87.5,324.03,84.05,68.05680000000001,9.55,0.35,68.3166,0.0,101.07,2.24,1.4,1.2,1.0
2022-04-17,100.89,313.74,117.36,70.1443,9.55,0.35,71.7886,0.0,115.37,2.24,1.4,1.2,1.0
2022-04-18,100.83,322.9,103.46,69.9401,8.3,0.3,72.9034,0.0,116.76,2.24,1.4,0.6,1.0
2022-04-19,101.36,329.5,114.32,69.4499,11.7,0.5,71.5342,0.0,123.01,2.24,1.4,1.4,1.0
2022-04-20,104.67,333.96,101.03,72.0227,9.45,0.3,74.2331,0.0,123.62,2.24,1.4,2.0,1.0
2022-04-21,88.88,335.45,50.54,67.003,10.15,0.4,68.16149999999999,0.0,101.97,2.24,1.4,1.0,1.0
2022-04-22,86.56,359.89,67.55,69.31689999999999,6.25,0.15,70.4282,0.0,101.63,2.24,1.4,1.4,1.0
2022-04-23,60.1,355.42,25.32,61.431999999999995,7.8,0.2,62.5009,1.0,66.86,2.24,1.4,2.4,1.0
2022-04-24,63.98,359.09,37.89,59.1958,11.2,0.45,61.6045,1.0,73.57,2.24,1.4,1.8,1.0
2022-04-25,68.42,333.21,63.25,61.10189999999999,10.55,0.4,61.9257,1.0,77.32,2.24,1.4,2.6,1.0
2022-04-26,56.02,313.49,36.46,59.804300000000005,6.95,0.2,61.9534,1.0,62.01,2.24,1.4,0.8,1.0
2022-04-27,57.82,297.28,43.59,60.6087,9.1,0.3,60.7992,1.0,68.25,2.24,1.4,1.6,1.0
2022-04-28,58.54,274.78,50.67,59.741800000000005,9.8,0.4,60.210100000000004,1.0,68.34,2.24,1.4,0.8,1.0
2022-04-29,55.78,282.14,52.27,61.8784,4.9,0.0,62.7983,1.0,62.94,2.24,1.4,2.2,1.0
2022-04-30,53.1,261.01,24.33,61.24100000000001,4.25,0.0,62.203,1.0,60.09,2.24,1.4,2.2,1.0
2022-05-01,62.89,251.0,89.66,58.626599999999996,11.1,0.5,60.145900000000005,1.0,68.75,2.24,1.4,1.4,1.0
2022-05-02,58.16,243.14,71.88,61.2112,7.55,0.25,63.4095,1.0,68.19,2.24,1.4,1.8,1.0
2022-05-03,59.41,233.45,39.38,61.256099999999996,7.55,0.2,63.6514,1.0,68.18,2.24,1.4,2.0,1.0
2022-05-04,57.65,217.67,49.2,59.3479,10.4,0.35,59.8472,1.0,67.66,2.24,1.4,0.8,1.0
2022-05-05,64.17,257.28,50.79,61.525299999999994,7.9,0.2,62.5929,1.0,70.77,2.24,1.4,1.0,1.0
2022-05-06,63.93,236.92,72.17,60.3106,10.35,0.45,61.03229999999999,1.0,74.19,2.24,1.4,2.2,1.0
2022-05-07,62.78,218.93,57.16,61.2254,8.2,0.25,61.9828,1.0,68.56,2.24,1.4,1.6,1.0
2022-05-08,59.8,204.73,74.96,61.378499999999995,8.5,0.3,62.9014,1.0,72.69,2.24,1.4,1.0,1.0
2022-05-09,58.33,213.05,57.86,60.7041,7.7,0.2,61.1456,1.0,66.69,2.24,1.4,0.6,1.0
2022-05-10,62.05,223.74,69.98,60.1828,9.3,0.3,60.2461,1.0,70.88,2.24,1.4,2.2,1.0
2022-05-11,59.06,213.85,69.61,61.126099999999994,8.15,0.3,63.0521,1.0,69.82,2.24,1.4,0.6,1.0
2022-05-12,56.49,227.46,48.23,59.116800000000005,9.15,0.35,59.677,1.0,64.43,2.24,1.4,0.6,1.0
2022-05-13,57.65,236.29,72.64,59.79559999999999,8.65,0.35,61.9538,1.0,66.94,2.24,1.4,2.2,1.0
2022-05-14,61.92,221.22,39.16,59.703599999999994,10.65,0.45,61.0463,1.0,70.77,2.24,1.4,0.6,1.0
2022-05-15,59.98,230.25,72.91,60.3187,10.1,0.45,61.71810000000001,1.0,71.69,2.24,1.4,1.2,1.0
2022-05-16,61.3,244.55,55.55,60.5234,9.35,0.3,61.4305,1.0,69.24,2.24,1.4,1.6,1.0
2022-05-17,64.11,238.92,68.44,60.5336,9.7,0.4,61.4675,1.0,72.95,2.24,1.4,2.0,1.0
2022-05-18,52.42,227.17,34.42,58.1764,9.7,0.4,59.9512,1.0,62.97,2.24,1.4,0.2,1.0
2022-05-19,60.75,252.82,59.79,60.2642,10.2,0.45,60.8829,1.0,71.37,2.24,1.4,0.4,1.0
2022-05-20,67.45,247.98,90.27,58.9966,12.2,0.55,61.0028,1.0,76.58,2.24,1.4,0.8,1.0
2022-05-21,60.38,221.09,53.98,60.491899999999994,9.1,0.4,63.583800000000004,1.0,67.76,2.24,1.4,1.0,1.0
2022-05-22,59.81,201.59,68.4,61.482,8.05,0.2,62.2812,1.0,70.83,2.24,1.4,1.8,1.0
2022-05-23,54.71,230.44,57.22,60.412600000000005,8.85,0.35,62.177699999999994,1.0,67.15,2.24,1.4,0.6,1.0
2022-05-24,60.95,252.24,38.12,60.743599999999994,9.1,0.35,62.2389,1.0,67.29,2.24,1.4,0.6,1.0
2022-05-25,65.1,233.85,84.84,61.0719,10.85,0.5,61.1784,1.0,72.5,2.24,1.4,1.2,1.0
2022-05-26,86.97,234.5,155.54,67.8221,10.75,0.4,68.2749,0.0,107.44,2.24,1.4,1.8,1.0
2022-05-27,95.71,228.07,143.96,68.8043,11.7,0.5,70.2454,0.0,120.01,2.24,1.4,0.6,1.0
2022-05-28,94.24,219.43,86.64,68.15690000000001,9.6,0.3,69.0339,0.0,111.8,2.24,1.4,1.4,1.0
2022-05-29,88.45,249.68,78.83,71.68,4.65,0.0,74.6728,0.0,107.7,2.24,1.4,1.2,1.0
2022-05-30,91.96,325.41,72.06,70.2275,5.3,0.0,71.2253,0.0,102.53,2.24,1.4,0.8,1.0
2022-05-31,90.91,305.17,83.48,71.33239999999999,4.7,0.0,73.8265,0.0,102.79,2.24,1.4,0.2,1.0
2022-06-01,95.44,285.55,124.34,67.6024,11.45,0.5,70.9372,0.0,114.08,2.24,1.4,0.6,2.0
2022-06-02,100.39,273.49,140.8,71.6537,8.5,0.25,72.1711,0.0,118.72,2.24,1.4,1.4,2.0
2022-06-03,98.18,260.89,121.27,72.9471,9.1,0.3,73.6454,0.0,120.73,2.24,1.4,2.0,2.0
2022-06-04,91.7,283.6,107.1,70.605,8.6,0.35,71.2424,0.0,114.15,2.24,1.4,1.0,2.0
2022-06-05,91.45,309.15,62.08,70.9554,6.8,0.2,72.5622,0.0,110.67,2.24,1.4,0.4,2.0
2022-06-06,95.61,362.99,88.03,67.437,9.3,0.25,68.24510000000001,0.0,108.31,2.24,1.4,0.8,2.0
2022-06-07,88.89,356.24,60.64,68.51010000000001,7.5,0.2,69.421,0.0,99.06,2.24,1.4,1.0,2.0
2022-06-08,106.67,355.55,177.37,70.7655,10.4,0.45,72.8488,0.0,125.52,2.24,1.4,1.6,2.0
2022-06-09,96.69,331.47,62.31,69.0855,9.95,0.35,69.803,0.0,117.29,2.24,1.4,0.2,2.0
2022-06-10,98.91,315.05,74.0,70.5667,8.9,0.35,71.8325,0.0,119.05,2.24,1.4,1.0,2.0
2022-06-11,113.91,348.53,134.07,71.86189999999999,8.6,0.3,73.9427,0.0,130.48,2.24,1.4,2.6,2.0
2022-06-12,108.83,355.46,139.22,72.1155,8.55,0.3,74.7312,0.0,127.24,2.24,1.4,1.4,2.0
2022-06-13,96.02,295.11,78.29,69.5466,10.05,0.35,70.6734,0.0,117.06,2.24,1.4,1.2,2.0
2022-06-14,101.81,304.83,94.92,70.6241,8.3,0.2,72.7034,0.0,120.55,2.24,1.4,2.2,2.0
2022-06-15,107.98,336.06,120.97,68.6825,12.05,0.55,71.1415,0.0,125.42,2.24,1.4,1.2,2.0
2022-06-16,99.28,342.21,82.2,67.6487,9.45,0.45,68.8563,0.0,111.16,2.24,1.4,0.8,2.0
2022-06-17,103.61,341.56,113.99,72.18270000000001,8.7,0.3,73.4774,0.0,125.36,2.24,1.4,1.6,2.0
2022-06-18,93.21,338.28,81.47,66.28529999999999,11.65,0.45,70.0779,0.0,108.56,2.24,1.4,0.4,2.0
2022-06-19,104.3,343.42,95.87,69.063,10.45,0.45,73.0866,0.0,121.14,2.24,1.4,0.4,2.0
2022-06-20,100.95,335.98,110.26,68.4406,11.6,0.5,69.7472,0.0,125.11,2.24,1.4,0.0,2.0
2022-06-21,106.44,327.75,128.13,72.45779999999999,8.55,0.3,74.4993,0.0,127.45,2.24,1.4,1.2,2.0
2022-06-22,107.49,328.4,83.23,70.4931,11.25,0.5,73.4145,0.0,125.55,2.24,1.4,1.4,2.0
2022-06-23,93.8,331.08,58.88,68.4129,9.1,0.3,68.5256,0.0,108.32,2.24,1.4,1.2,2.0
2022-06-24,100.06,335.35,116.8,70.8709,9.0,0.35,72.0321,0.0,119.49,2.24,1.4,2.2,2.0
2022-06-25,102.48,336.75,120.56,71.0842,9.5,0.35,70.7937,0.0,120.97,2.24,1.4,0.4,2.0
2022-06-26,111.78,310.29,129.09,71.36930000000001,12.45,0.6,74.7375,0.0,133.49,2.24,1.4,2.0,2.0
2022-06-27,97.09,308.64,86.49,70.7517,7.75,0.25,74.41149999999999,0.0,116.36,2.24,1.4,1.6,2.0
2022-06-28,105.1,301.84,87.72,71.0188,8.85,0.3,72.4282,0.0,119.5,2.24,1.4,1.2,2.0
2022-06-29,54.61,321.95,36.57,61.453199999999995,5.3,0.0,63.5845,1.0,63.38,2.24,1.4,1.0,2.0
2022-06-30,55.48,373.19,21.45,61.943999999999996,4.55,0.0,62.9965,1.0,63.08,2.24,1.4,1.4,2.0
2022-07-01,57.74,378.54,42.05,60.7544,8.25,0.25,62.2117,1.0,67.6,2.24,1.4,1.0,2.0
2022-07-02,55.52,351.78,25.54,59.3637,8.7,0.35,62.13399999999999,1.0,64.08,2.24,1.4,0.8,2.0
2022-07-03,67.01,342.87,66.34,61.9495,9.4,0.35,64.1065,1.0,76.98,2.24,1.4,2.0,2.0
2022-07-04,69.5,321.67,57.24,62.6105,8.2,0.25,63.9646,1.0,78.34,2.24,1.4,2.0,2.0
2022-07-05,58.41,284.3,45.94,59.965,10.15,0.45,62.5194,1.0,70.14,2.24,1.4,1.2,2.0
2022-07-06,64.79,275.12,53.9,62.1812,8.35,0.3,63.364,1.0,75.16,2.24,1.4,1.4,2.0
2022-07-07,67.88,264.69,66.98,62.4571,9.45,0.35,64.4562,1.0,78.19,2.24,1.4,1.4,2.0
2022-07-08,67.74,262.17,78.02,63.1203,8.25,0.25,62.48609999999999,1.0,78.04,2.24,1.4,1.8,2.0
2022-07-09,60.95,241.78,73.0,60.867200000000004,11.35,0.45,62.05350000000001,1.0,74.85,2.24,1.4,0.6,2.0
2022-07-10,66.61,236.78,55.24,62.304899999999996,8.4,0.3,63.6975,1.0,76.56,2.24,1.4,0.6,2.0
2022-07-11,62.57,229.4,53.64,60.076,10.4,0.4,61.665,1.0,71.86,2.24,1.4,0.8,2.0
2022-07-12,62.71,244.53,52.15,61.6436,8.0,0.25,64.0598,1.0,73.48,2.24,1.4,1.4,2.0
2022-07-13,67.16,251.04,71.49,62.6661,7.8,0.3,65.225,1.0,76.72,2.24,1.4,2.6,2.0
2022-07-14,64.65,253.57,62.08,60.3771,9.95,0.4,61.6759,1.0,73.04,2.24,1.4,0.8,2.0
2022-07-15,63.8,227.92,63.77,59.1826,10.7,0.4,59.8038,1.0,72.61,2.24,1.4,1.2,2.0
2022-07-16,62.67,217.08,64.35,61.9115,9.1,0.3,63.580799999999996,1.0,74.06,2.24,1.4,1.4,2.0
2022-07-17,65.1,220.13,76.39,61.251999999999995,9.85,0.4,62.5672,1.0,78.34,2.24,1.4,0.8,2.0
2022-07-18,60.05,251.97,49.4,62.4155,6.55,0.1,64.7621,1.0,67.16,2.24,1.4,1.0,2.0
2022-07-19,61.8,247.56,56.94,60.95270000000001,8.95,0.25,60.6888,1.0,70.24,2.24,1.4,0.6,2.0
2022-07-20,62.08,243.16,71.31,60.5678,8.35,0.25,62.010799999999996,1.0,69.11,2.24,1.4,1.4,2.0
2022-07-21,59.75,240.08,59.08,59.3706,8.75,0.3,59.8876,1.0,68.06,2.24,1.4,0.6,2.0
2022-07-22,66.6,226.13,51.68,60.7448,11.3,0.55,64.1871,1.0,78.03,2.24,1.4,1.4,2.0
2022-07-23,74.66,230.36,106.23,62.6435,11.6,0.55,64.84989999999999,1.0,86.3,2.24,1.4,2.4,2.0
2022-07-24,57.03,221.7,51.74,58.819700000000005,11.25,0.5,59.471000000000004,1.0,70.46,2.24,1.4,0.8,2.0
2022-07-25,94.78,233.13,186.66,68.4345,10.9,0.45,69.6865,0.0,114.43,2.24,1.4,1.2,2.0
2022-07-26,105.01,228.97,180.54,71.9707,11.25,0.5,72.4765,0.0,137.72,2.24,1.4,2.6,2.0
2022-07-27,94.76,241.04,105.59,69.9562,10.95,0.5,73.1566,0.0,124.75,2.24,1.4,0.6,2.0
2022-07-28,97.09,275.6,106.05,70.8624,9.7,0.3,74.3951,0.0,123.47,2.24,1.4,2.6,2.0
2022-07-29,83.66,320.96,56.11,69.9607,4.3,0.0,72.881,0.0,99.62,2.24,1.4,0.8,2.0
2022-07-30,98.27,391.36,77.84,72.5939,5.25,0.0,75.4665,0.0,114.25,2.24,1.4,1.6,2.0
2022-07-31,101.22,373.11,82.48,73.7812,4.3,0.0,75.61359999999999,0.0,113.71,2.24,1.4,2.0,2.0
2022-08-01,95.43,363.87,80.35,70.1074,7.8,0.2,72.0614,0.0,110.18,2.24,1.4,1.8,2.0
2022-08-02,99.97,340.1,93.71,67.7347,11.8,0.5,69.79769999999999,0.0,118.9,2.24,1.4,1.0,2.0
2022-08-03,104.65,329.7,127.94,71.6751,9.7,0.4,72.4268,0.0,124.6,2.24,1.4,1.4,2.0
2022-08-04,105.41,319.19,109.05,69.9879,9.15,0.4,71.8852,0.0,120.61,2.24,1.4,1.6,2.0
2022-08-05,101.0,286.28,105.9,70.8894,9.2,0.35,71.3801,0.0,117.58,2.24,1.4,0.2,2.0
2022-08-06,101.98,305.67,99.34,73.4779,8.4,0.25,74.9193,0.0,125.28,2.24,1.4,2.0,2.0
2022-08-07,102.71,299.98,111.19,69.3179,11.1,0.4,71.4835,0.0,121.99,2.24,1.4,0.4,2.0
2022-08-08,98.64,318.07,96.98,69.4034,10.15,0.4,69.8208,0.0,113.25,2.24,1.4,0.8,2.0
2022-08-09,111.19,312.04,121.63,71.7073,9.1,0.4,74.41109999999999,0.0,128.39,2.24,1.4,2.2,2.0
2022-08-10,94.37,306.03,104.23,68.722,9.35,0.35,69.8918,0.0,111.45,2.24,1.4,1.2,2.0
2022-08-11,98.43,332.84,88.81,69.9504,8.15,0.25,72.3352,0.0,114.21,2.24,1.4,0.2,2.0
2022-08-12,97.35,340.7,120.76,69.7743,8.45,0.3,71.36149999999999,0.0,114.4,2.24,1.4,0.8,2.0
2022-08-13,98.75,338.22,83.65,70.1041,9.6,0.3,70.1752,0.0,113.53,2.24,1.4,0.4,2.0
2022-08-14,101.29,367.42,99.28,70.7012,9.65,0.35,72.3004,0.0,121.14,2.24,1.4,2.0,2.0
2022-08-15,104.9,375.47,79.76,70.4804,9.55,0.35,72.1675,0.0,118.44,2.24,1.4,0.4,2.0
2022-08-16,106.47,343.54,123.49,69.4276,11.2,0.45,70.9078,0.0,120.29,2.24,1.4,1.0,2.0
2022-08-17,104.56,312.92,130.16,71.1329,8.85,0.3,73.7915,0.0,126.06,2.24,1.4,0.6,2.0
2022-08-18,102.61,307.55,85.93,70.82350000000001,10.0,0.35,74.5145,0.0,126.55,2.24,1.4,2.6,2.0
2022-08-19,93.93,352.24,64.23,68.3183,10.25,0.4,71.0561,0.0,109.75,2.24,1.4,0.6,2.0
2022-08-20,100.93,347.99,111.28,71.29270000000001,9.05,0.35,74.26140000000001,0.0,122.21,2.24,1.4,1.0,2.0
2022-08-21,103.32,354.04,100.11,69.93130000000001,9.7,0.35,71.1253,0.0,121.85,2.24,1.4,1.4,2.0
2022-08-22,108.36,343.13,135.07,71.2641,8.25,0.3,75.389,0.0,120.12,2.24,1.4,1.8,2.0
2022-08-23,104.28,325.32,90.23,72.8082,7.75,0.25,75.0237,0.0,123.13,2.24,1.4,1.2,2.0
2022-08-24,98.29,315.99,71.51,69.9365,9.25,0.35,71.3022,0.0,116.11,2.24,1.4,1.0,2.0
2022-08-25,115.55,328.88,163.14,72.3228,10.6,0.45,75.0107,0.0,134.94,2.24,1.4,2.0,2.0
2022-08-26,102.61,335.39,85.99,70.33850000000001,10.25,0.45,72.0291,0.0,119.71,2.24,1.4,0.6,2.0
2022-08-27,109.71,315.27,108.66,72.0087,9.35,0.3,75.7514,0.0,130.33,2.24,1.4,1.4,2.0
2022-08-28,112.95,323.29,120.89,71.80810000000001,11.05,0.5,73.5998,0.0,130.21,2.24,1.4,1.4,2.0
2022-08-29,93.78,326.84,60.0,71.4091,4.9,0.0,72.693,0.0,107.82,2.24,1.4,0.6,2.0
2022-08-30,97.32,339.36,83.38,73.02890000000001,4.3,0.0,74.76650000000001,0.0,112.28,2.24,1.4,0.6,2.0
2022-08-31,96.31,315.23,82.07,72.32520000000001,4.5,0.0,74.1015,0.0,109.06,2.24,1.4,1.0,2.0
2022-09-01,95.77,323.86,114.94,67.2933,12.55,0.55,67.3494,0.0,112.46,2.24,1.4,1.4,0.0
2022-09-02,99.62,304.18,119.63,71.58539999999999,8.4,0.35,72.8907,0.0,119.28,2.24,1.4,2.8,0.0
2022-09-03,100.9,294.38,82.88,70.4201,8.05,0.25,73.33800000000001,0.0,118.1,2.24,1.4,2.4,0.0
2022-09-04,99.07,311.1,127.15,69.6983,10.7,0.45,70.7124,0.0,120.4,2.24,1.4,1.0,0.0
2022-09-05,94.34,328.37,62.28,68.9151,9.15,0.3,68.3212,0.0,107.62,2.24,1.4,1.8,0.0
2022-09-06,97.25,311.98,114.29,68.6546,9.95,0.4,70.98479999999999,0.0,112.73,2.24,1.4,2.6,0.0
2022-09-07,87.56,298.78,71.65,68.8815,8.65,0.25,70.5282,0.0,105.77,2.24,1.4,1.8,0.0
2022-09-08,90.02,347.25,87.62,67.3013,10.15,0.4,69.5403,0.0,106.5,2.24,1.4,1.4,0.0
2022-09-09,96.24,326.04,103.48,66.5783,11.8,0.5,68.0123,0.0,109.8,2.24,1.4,1.0,0.0
2022-09-10,85.96,307.99,71.71,68.0806,6.9,0.15,70.8197,0.0,99.45,2.24,1.4,2.2,0.0
2022-09-11,98.13,307.1,102.05,69.8388,9.65,0.4,72.31649999999999,0.0,112.79,2.24,1.4,0.6,0.0
2022-09-12,85.36,320.76,81.74,68.5605,6.15,0.15,69.6157,0.0,98.04,2.24,1.4,1.4,0.0
2022-09-13,90.33,310.46,75.81,68.7531,7.9,0.25,68.8265,0.0,102.75,2.24,1.4,1.6,0.0
2022-09-14,88.21,309.72,93.86,66.7814,11.1,0.45,68.3658,0.0,103.13,2.24,1.4,1.0,0.0
2022-09-15,101.64,297.62,104.89,71.7651,9.45,0.4,73.11449999999999,0.0,120.0,2.24,1.4,1.8,0.0
2022-09-16,93.94,311.62,94.61,68.9346,9.95,0.4,69.8631,0.0,107.83,2.24,1.4,2.4,0.0
2022-09-17,97.44,322.44,76.19,69.0029,10.25,0.4,71.2252,0.0,110.14,2.24,1.4,0.2,0.0
2022-09-18,92.0,293.32,102.6,66.75359999999999,11.1,0.45,69.2715,0.0,108.49,2.24,1.4,1.2,0.0
2022-09-19,91.13,280.63,85.46,68.6945,10.15,0.45,70.2032,0.0,108.98,2.24,1.4,2.4,0.0
2022-09-20,84.61,289.79,74.37,68.733,7.55,0.2,70.7336,0.0,98.32,2.24,1.4,2.2,0.0
2022-09-21,87.38,276.25,81.06,66.2812,10.9,0.55,68.8119,0.0,99.75,2.24,1.4,1.4,0.0
2022-09-22,84.32,295.96,97.35,66.6566,10.0,0.45,68.97,0.0,102.3,2.24,1.4,1.6,0.0
2022-09-23,99.47,293.6,114.47,70.4826,7.75,0.25,72.8046,0.0,112.71,2.24,1.4,2.0,0.0
2022-09-24,93.52,280.57,103.88,71.4673,7.8,0.2,72.8817,0.0,115.92,2.24,1.4,3.0,0.0
2022-09-25,84.9,281.61,62.56,66.4962,9.15,0.3,67.22359999999999,0.0,98.04,2.24,1.4,1.4,0.0
2022-09-26,105.79,304.27,168.2,69.9874,10.1,0.35,72.598,0.0,124.93,2.24,1.4,2.2,0.0
2022-09-27,91.77,275.46,87.73,68.454,8.25,0.3,70.8658,0.0,107.39,2.24,1.4,1.6,0.0
2022-09-28,85.64,289.38,64.05,65.5732,10.9,0.45,66.1684,0.0,100.42,2.24,1.4,0.8,0.0
2022-09-29,86.76,335.55,73.95,70.36269999999999,5.1,0.0,73.6376,0.0,102.72,2.24,1.4,1.0,0.0
2022-09-30,82.44,345.9,73.14,68.1788,5.05,0.0,70.1695,0.0,95.88,2.24,1.4,0.6,0.0
2022-10-01,82.77,336.11,59.25,66.8567,7.4,0.25,68.8126,0.0,96.11,2.24,1.4,1.4,0.0
2022-10-02,99.81,329.35,131.27,69.3813,8.75,0.35,72.3744,0.0,111.51,2.24,1.4,2.2,0.0
2022-10-03,88.34,296.78,76.93,68.7967,7.7,0.2,69.88770000000001,0.0,104.09,2.24,1.4,2.2,0.0
2022-10-04,89.15,295.65,99.97,69.2007,7.25,0.2,70.3225,0.0,105.27,2.24,1.4,1.4,0.0
2022-10-05,89.38,286.21,97.43,67.32440000000001,10.1,0.4,69.3444,0.0,107.31,2.24,1.4,1.6,0.0
2022-10-06,90.08,317.9,91.19,68.692,9.8,0.35,71.2376,0.0,108.95,2.24,1.4,1.8,0.0
2022-10-07,97.54,316.21,96.93,67.5837,11.3,0.45,68.8896,0.0,111.26,2.24,1.4,2.2,0.0
2022-10-08,96.51,304.84,91.94,69.3277,9.35,0.35,70.3285,0.0,111.92,2.24,1.4,2.0,0.0
2022-10-09,92.7,309.21,98.59,66.7192,10.6,0.4,68.33930000000001,0.0,105.57,2.24,1.4,1.0,0.0
2022-10-10,92.5,317.03,96.2,68.7763,9.3,0.35,70.6194,0.0,108.99,2.24,1.4,1.4,0.0
2022-10-11,99.0,308.16,83.25,69.5929,9.65,0.4,71.53649999999999,0.0,113.12,2.24,1.4,2.0,0.0
2022-10-12,98.7,305.78,87.92,70.763,8.35,0.3,73.1397,0.0,112.4,2.24,1.4,2.2,0.0
2022-10-13,91.17,305.42,76.58,68.79440000000001,10.85,0.45,70.83229999999999,0.0,113.74,2.24,1.4,0.2,0.0
2022-10-14,88.88,316.14,86.36,67.5754,10.7,0.45,69.8223,0.0,104.31,2.24,1.4,1.4,0.0
2022-10-15,101.34,297.64,159.59,70.5942,10.15,0.45,72.6319,0.0,124.03,2.24,1.4,2.6,0.0
2022-10-16,93.06,292.46,64.83,68.7613,8.6,0.3,70.32300000000001,0.0,108.16,2.24,1.4,1.4,0.0
2022-10-17,81.23,284.75,56.03,67.0328,9.65,0.35,68.54090000000001,0.0,103.29,2.24,1.4,1.0,0.0
2022-10-18,88.02,293.22,94.66,66.08109999999999,11.25,0.45,67.9734,0.0,105.05,2.24,1.4,2.0,0.0
2022-10-19,88.06,330.12,67.0,66.5615,11.25,0.45,68.47579999999999,0.0,101.26,2.24,1.4,1.6,0.0
2022-10-20,80.04,308.31,63.99,66.9989,7.1,0.2,68.99029999999999,0.0,93.47,2.24,1.4,1.2,0.0
2022-10-21,87.99,297.94,93.6,67.1335,9.3,0.35,68.8913,0.0,101.99,2.24,1.4,0.8,0.0
2022-10-22,94.26,280.86,115.01,68.6199,9.7,0.4,70.0128,0.0,109.37,2.24,1.4,0.4,0.0
2022-10-23,98.94,265.72,106.22,70.90090000000001,8.45,0.25,72.0389,0.0,112.46,2.24,1.4,1.6,0.0
2022-10-24,94.9,248.31,108.43,68.5309,10.55,0.45,72.66770000000001,0.0,113.53,2.24,1.4,1.8,0.0
2022-10-25,79.39,274.44,41.37,66.1731,7.35,0.15,70.7214,0.0,93.22,2.24,1.4,1.2,0.0
2022-10-26,75.65,289.45,69.56,65.71350000000001,8.3,0.3,67.7348,0.0,93.81,2.24,1.4,1.6,0.0
2022-10-27,93.43,302.26,126.78,66.8594,10.5,0.45,70.4554,0.0,108.19,2.24,1.4,0.4,0.0
2022-10-28,98.48,279.79,137.46,69.0079,12.1,0.55,70.0343,0.0,119.54,2.24,1.4,1.8,0.0
2022-10-29,83.44,268.88,71.68,70.1308,5.25,0.0,70.1406,0.0,101.92,2.24,1.4,2.4,0.0
2022-10-30,84.03,302.5,49.81,69.611,5.95,0.0,69.8095,0.0,97.79,2.24,1.4,1.2,0.0
2022-10-31,83.48,321.15,60.12,69.79939999999999,4.7,0.0,70.9633,0.0,97.02,2.24,1.4,1.8,0.0
2022-11-01,95.86,314.13,104.36,68.9059,10.3,0.4,69.16329999999999,0.0,111.12,2.24,1.4,1.2,0.0
2022-11-02,94.8,296.97,105.54,69.2995,9.95,0.4,69.1909,0.0,110.91,2.24,1.4,2.2,0.0
2022-11-03,80.31,254.07,80.21,67.925,6.95,0.15,69.6325,0.0,95.03,2.24,1.4,1.8,0.0
2022-11-04,95.96,279.98,121.95,69.8975,8.05,0.25,73.2406,0.0,110.12,2.24,1.4,1.4,0.0
2022-11-05,100.27,289.29,126.38,70.0446,9.3,0.4,72.4429,0.0,118.9,2.24,1.4,1.6,0.0
2022-11-06,89.71,267.12,90.73,68.44,10.3,0.45,69.50619999999999,0.0,109.53,2.24,1.4,1.4,0.0
2022-11-07,95.22,288.66,90.63,68.1288,10.95,0.5,70.5617,0.0,110.7,2.24,1.4,1.8,0.0
2022-11-08,92.37,314.67,92.6,68.5307,8.25,0.3,71.4631,0.0,106.71,2.24,1.4,1.2,0.0
2022-11-09,93.32,324.35,81.3,69.9832,9.35,0.4,71.93520000000001,0.0,110.12,2.24,1.4,2.0,0.0
2022-11-10,94.15,326.38,107.01,67.7872,10.55,0.4,69.8669,0.0,111.57,2.24,1.4,2.2,0.0
2022-11-11,85.09,328.6,59.59,66.9268,8.5,0.3,69.6678,0.0,97.77,2.24,1.4,1.2,0.0
2022-11-12,104.48,322.22,152.51,68.8287,12.2,0.6,69.81869999999999,0.0,125.31,2.24,1.4,1.4,0.0
2022-11-13,93.31,329.15,73.81,68.7628,9.85,0.35,70.0404,0.0,108.92,2.24,1.4,1.4,0.0
2022-11-14,85.99,300.6,82.46,68.9516,8.15,0.25,70.2486,0.0,103.5,2.24,1.4,1.6,0.0
2022-11-15,96.74,316.89,125.7,70.2105,9.95,0.4,69.62230000000001,0.0,117.63,2.24,1.4,0.6,0.0
2022-11-16,96.08,346.88,77.52,69.3396,8.15,0.25,69.795,0.0,108.93,2.24,1.4,2.8,0.0
2022-11-17,95.3,330.99,101.99,69.7176,8.8,0.35,71.0257,0.0,114.33,2.24,1.4,1.8,0.0
2022-11-18,96.04,338.32,54.16,69.8582,9.9,0.4,70.7891,0.0,114.23,2.24,1.4,1.2,0.0
2022-11-19,99.02,336.59,115.21,68.1904,11.9,0.5,70.97359999999999,0.0,114.31,2.24,1.4,2.0,0.0
2022-11-20,84.24,311.21,53.27,67.0225,8.45,0.25,70.5267,0.0,97.75,2.24,1.4,2.0,0.0
2022-11-21,93.71,321.59,79.33,69.8879,8.15,0.25,71.601,0.0,110.82,2.24,1.4,0.4,0.0
2022-11-22,85.29,304.73,109.85,68.0814,8.7,0.3,70.0855,0.0,100.16,2.24,1.4,0.4,0.0
2022-11-23,88.0,311.19,87.04,66.9458,9.85,0.4,66.9949,0.0,105.01,2.24,1.4,1.6,0.0
2022-11-24,102.18,284.58,132.0,70.0918,10.1,0.4,70.39479999999999,0.0,120.44,2.24,1.4,2.2,0.0
2022-11-25,87.13,271.84,76.01,67.483,10.0,0.4,68.4955,0.0,100.53,2.24,1.4,1.4,0.0
2022-11-26,98.89,304.23,101.14,69.9333,9.45,0.3,71.9143,0.0,114.67,2.24,1.4,2.0,0.0
2022-11-27,84.51,281.35,61.66,68.7867,7.65,0.25,71.2465,0.0,100.73,2.24,1.4,1.4,0.0
2022-11-28,86.15,324.11,82.33,65.9003,10.1,0.4,66.6344,0.0,98.3,2.24,1.4,2.2,0.0
2022-11-29,83.17,338.52,59.75,69.3859,4.95,0.0,70.7311,0.0,95.78,2.24,1.4,1.4,0.0
2022-11-30,90.59,323.13,90.75,69.61359999999999,5.65,0.0,71.8306,0.0,100.23,2.24,1.4,2.4,0.0
2022-12-01,76.72,287.57,58.97,64.77590000000001,10.1,0.35,67.2179,0.0,92.64,2.24,1.4,1.2,3.0
2022-12-02,92.87,293.01,130.21,71.4627,6.05,0.15,72.7795,0.0,112.3,2.24,1.4,1.8,3.0
2022-12-03,95.79,286.47,108.57,68.546,9.05,0.35,71.75569999999999,0.0,108.45,2.24,1.4,2.4,3.0
2022-12-04,93.69,265.43,105.57,69.3451,8.35,0.3,71.09140000000001,0.0,108.72,2.24,1.4,1.0,3.0
2022-12-05,104.41,266.57,133.06,70.0322,10.05,0.45,72.7969,0.0,123.48,2.24,1.4,2.2,3.0
2022-12-06,98.87,288.94,79.64,70.6088,8.25,0.2,72.9076,0.0,115.77,2.24,1.4,2.4,3.0
2022-12-07,96.85,310.16,89.06,69.5335,8.7,0.3,69.2021,0.0,111.11,2.24,1.4,1.4,3.0
2022-12-08,95.92,311.98,106.34,70.1619,8.2,0.25,72.9388,0.0,113.12,2.24,1.4,1.8,3.0
2022-12-09,105.62,316.41,129.48,71.62270000000001,9.4,0.4,73.82600000000001,0.0,122.0,2.24,1.4,2.2,3.0
2022-12-10,87.52,308.93,55.46,66.69279999999999,9.75,0.35,68.5679,0.0,104.23,2.24,1.4,2.0,3.0
2022-12-11,89.26,305.86,81.67,66.3401,11.1,0.4,68.09230000000001,0.0,105.12,2.24,1.4,1.2,3.0
2022-12-12,95.3,340.89,100.68,69.1961,8.3,0.25,71.2183,0.0,109.9,2.24,1.4,1.2,3.0
2022-12-13,95.37,318.37,86.02,69.41199999999999,9.4,0.35,69.7204,0.0,111.48,2.24,1.4,1.2,3.0
2022-12-14,101.46,317.66,113.83,70.51180000000001,10.15,0.4,70.7096,0.0,119.22,2.24,1.4,2.8,3.0
2022-12-15,94.22,306.14,98.72,71.33449999999999,8.25,0.3,74.46390000000001,0.0,114.13,2.24,1.4,1.4,3.0
2022-12-16,92.97,302.57,82.97,69.6902,8.4,0.3,69.81569999999999,0.0,108.29,2.24,1.4,1.2,3.0
2022-12-17,99.01,303.26,123.38,69.4844,10.6,0.45,72.1984,0.0,119.08,2.24,1.4,1.6,3.0
2022-12-18,106.14,316.11,123.55,72.2408,9.95,0.4,73.60300000000001,0.0,125.76,2.24,1.4,2.2,3.0
2022-12-19,98.13,307.29,91.34,69.7692,9.0,0.35,71.4693,0.0,114.94,2.24,1.4,1.4,3.0
2022-12-20,88.62,301.27,76.91,67.6749,10.85,0.45,68.0933,0.0,105.21,2.24,1.4,1.6,3.0
2022-12-21,100.48,323.74,111.5,69.7626,9.35,0.4,72.7049,0.0,114.02,2.24,1.4,1.6,3.0
2022-12-22,94.79,362.9,96.3,67.453,10.55,0.35,68.4361,0.0,109.0,2.24,1.4,1.8,3.0
2022-12-23,89.32,323.94,70.96,66.9678,10.8,0.4,69.8016,0.0,109.88,2.24,1.4,1.8,3.0
2022-12-24,101.58,336.54,106.17,70.5538,10.55,0.4,71.69930000000001,0.0,120.42,2.24,1.4,1.4,3.0
2022-12-25,97.03,344.25,85.18,69.0886,10.6,0.45,71.5125,0.0,113.84,2.24,1.4,2.0,3.0
2022-12-26,99.56,328.41,128.31,71.1345,11.0,0.5,72.1397,0.0,124.04,2.24,1.4,1.2,3.0
2022-12-27,93.04,331.08,101.55,69.1977,10.4,0.45,70.79270000000001,0.0,111.88,2.24,1.4,2.2,3.0
2022-12-28,114.16,327.6,108.88,74.2499,7.35,0.3,74.7324,0.0,127.99,2.24,1.4,3.0,3.0
2022-12-29,87.37,311.06,78.55,72.1849,4.5,0.0,74.4334,0.0,107.78,2.24,1.4,1.8,3.0
2022-12-30,91.92,333.06,96.84,72.7375,4.4,0.0,75.6216,0.0,106.43,2.24,1.4,1.8,3.0
2022-12-31,89.73,345.88,70.05,70.3828,4.95,0.0,72.4209,0.0,104.08,2.24,1.4,2.6,3.0
2023-01-01,96.68,350.91,99.14,69.1237,9.45,0.35,70.20609999999999,0.0,111.44,2.24,1.4,0.6,3.0
2023-01-02,106.65,334.63,74.3,70.1487,11.55,0.5,71.354,0.0,125.63,2.24,1.4,1.8,3.0
2023-01-03,100.7,335.25,108.56,69.4315,10.3,0.45,70.12939999999999,0.0,116.94,2.24,1.4,1.0,3.0
2023-01-04,93.31,338.26,83.79,68.4682,9.5,0.4,71.56609999999999,0.0,109.79,2.24,1.4,0.0,3.0
2023-01-05,89.63,315.27,82.58,70.4174,6.65,0.15,71.0351,0.0,104.7,2.24,1.4,1.4,3.0
2023-01-06,93.24,300.6,91.12,69.27730000000001,7.75,0.25,72.0417,0.0,108.16,2.24,1.4,1.8,3.0
2023-01-07,95.4,300.61,133.04,68.41019999999999,11.1,0.4,69.5533,0.0,112.5,2.24,1.4,1.6,3.0
2023-01-08,98.92,287.01,96.38,68.5296,10.2,0.4,70.89529999999999,0.0,115.34,2.24,1.4,0.6,3.0
2023-01-09,90.82,291.81,75.96,67.9317,10.5,0.4,69.7067,0.0,108.19,2.24,1.4,2.6,3.0
2023-01-10,102.31,312.41,135.74,71.319,10.05,0.4,74.0445,0.0,122.28,2.24,1.4,1.8,3.0
2023-01-11,100.22,297.71,117.5,70.8071,10.7,0.5,73.0034,0.0,126.21,2.24,1.4,1.6,3.0
2023-01-12,92.35,328.25,72.49,68.3039,10.15,0.35,70.61019999999999,0.0,109.06,2.24,1.4,1.2,3.0
2023-01-13,101.13,309.08,91.9,68.327,11.3,0.45,69.9409,0.0,119.39,2.24,1.4,0.8,3.0
2023-01-14,95.83,338.83,91.69,71.7665,7.65,0.25,72.13380000000001,0.0,115.55,2.24,1.4,1.2,3.0
2023-01-15,93.09,335.79,87.67,68.3159,10.6,0.5,70.05720000000001,0.0,109.84,2.24,1.4,2.2,3.0
2023-01-16,96.44,338.42,92.24,71.3753,6.2,0.15,73.99119999999999,0.0,114.0,2.24,1.4,1.0,3.0
2023-01-17,97.56,318.07,98.87,73.0094,6.35,0.15,74.8228,0.0,115.88,2.24,1.4,2.4,3.0
2023-01-18,103.03,312.24,129.22,69.9151,11.6,0.45,70.8357,0.0,121.18,2.24,1.4,0.4,3.0
2023-01-19,101.17,307.59,111.1,71.8162,9.55,0.35,74.2127,0.0,121.19,2.24,1.4,2.2,3.0
2023-01-20,107.3,299.9,118.66,70.6405,11.1,0.5,71.9963,0.0,125.5,2.24,1.4,1.6,3.0
2023-01-21,93.96,320.72,58.72,71.04310000000001,7.9,0.2,72.8711,0.0,114.29,2.24,1.4,1.6,3.0
2023-01-22,102.61,333.89,95.99,69.3694,10.25,0.45,70.79979999999999,0.0,115.43,2.24,1.4,2.2,3.0
2023-01-23,101.22,355.91,132.57,68.91029999999999,12.4,0.55,70.2081,0.0,120.39,2.24,1.4,1.4,3.0
2023-01-24,93.51,338.75,98.75,68.3755,9.65,0.4,70.2616,0.0,107.6,2.24,1.4,1.8,3.0
2023-01-25,96.55,317.61,66.87,70.65010000000001,7.45,0.3,71.6772,0.0,111.62,2.24,1.4,2.8,3.0
2023-01-26,93.45,327.29,83.5,70.935,7.2,0.2,72.7818,0.0,112.34,2.24,1.4,2.2,3.0
2023-01-27,84.73,337.85,61.84,68.47980000000001,7.95,0.25,70.9212,0.0,101.67,2.24,1.4,1.2,3.0
2023-01-28,91.7,354.01,73.81,68.4296,8.4,0.3,70.9425,0.0,105.15,2.24,1.4,1.6,3.0
2023-01-29,56.36,339.56,28.29,61.788999999999994,5.25,0.0,63.7901,1.0,62.96,2.24,1.4,1.6,3.0
2023-01-30,59.81,327.97,40.05,63.172799999999995,4.95,0.0,65.5412,1.0,68.12,2.24,1.4,2.2,3.0
2023-01-31,55.83,310.91,39.64,62.8322,5.35,0.0,64.1196,1.0,66.31,2.24,1.4,1.8,3.0
2023-02-01,61.1,303.65,55.46,61.2671,8.7,0.25,63.4114,1.0,70.42,2.24,1.4,2.4,3.0
2023-02-02,61.97,284.53,56.92,60.8298,10.85,0.45,61.7618,1.0,72.55,2.24,1.4,1.2,3.0
2023-02-03,62.73,280.25,51.54,58.973,11.4,0.5,62.0202,1.0,71.5,2.24,1.4,1.4,3.0
2023-02-04,68.29,258.98,72.45,59.6604,11.75,0.55,61.04,1.0,76.86,2.24,1.4,0.4,3.0
2023-02-05,63.73,245.8,70.47,61.7833,8.8,0.35,62.768100000000004,1.0,75.35,2.24,1.4,2.6,3.0
2023-02-06,60.92,251.11,45.64,60.1968,9.7,0.35,62.3355,1.0,71.73,2.24,1.4,1.6,3.0
2023-02-07,57.5,238.87,44.88,60.732200000000006,7.65,0.25,62.2891,1.0,64.27,2.24,1.4,0.8,3.0
2023-02-08,55.75,250.3,50.2,59.893699999999995,9.7,0.4,60.803900000000006,1.0,65.48,2.24,1.4,2.4,3.0
2023-02-09,67.36,241.49,69.22,60.0286,12.2,0.55,62.185500000000005,1.0,77.71,2.24,1.4,1.0,3.0
2023-02-10,64.93,229.53,57.13,63.150200000000005,7.85,0.25,64.0205,1.0,73.27,2.24,1.4,2.2,3.0
2023-02-11,56.58,212.96,57.89,60.405100000000004,8.0,0.3,61.817299999999996,1.0,63.71,2.24,1.4,2.4,3.0
2023-02-12,61.21,211.4,92.98,61.715900000000005,10.9,0.45,62.620599999999996,1.0,75.35,2.24,1.4,1.4,3.0
2023-02-13,61.93,215.49,60.13,59.3863,11.55,0.5,60.393699999999995,1.0,72.14,2.24,1.4,2.0,3.0
2023-02-14,64.57,219.68,60.97,61.3324,10.15,0.4,62.400299999999994,1.0,73.27,2.24,1.4,1.2,3.0
2023-02-15,65.22,222.08,52.23,62.021899999999995,7.55,0.25,64.0096,1.0,71.41,2.24,1.4,2.2,3.0
2023-02-16,58.62,222.17,63.31,59.4412,8.7,0.3,60.9498,1.0,68.21,2.24,1.4,0.0,3.0
2023-02-17,61.58,233.77,50.44,60.2148,9.0,0.3,60.9041,1.0,67.93,2.24,1.4,2.2,3.0
2023-02-18,62.83,241.05,62.5,61.498000000000005,8.45,0.25,62.0028,1.0,69.86,2.24,1.4,2.2,3.0
2023-02-19,67.24,223.89,81.14,61.4872,11.25,0.5,62.8126,1.0,78.18,2.24,1.4,2.6,3.0
2023-02-20,59.91,235.98,51.99,60.62520000000001,9.35,0.25,62.7384,1.0,71.3,2.24,1.4,2.2,3.0
2023-02-21,55.5,226.37,54.39,61.7471,8.1,0.25,61.7696,1.0,69.39,2.24,1.4,1.6,3.0
2023-02-22,61.55,242.5,56.8,62.1805,7.3,0.25,65.1614,1.0,72.07,2.24,1.4,2.2,3.0
2023-02-23,60.46,226.09,62.99,60.7859,8.75,0.35,61.1517,1.0,69.87,2.24,1.4,1.8,3.0
2023-02-24,66.75,215.0,76.91,61.544399999999996,10.85,0.45,61.5921,1.0,77.96,2.24,1.4,2.8,3.0
2023-02-25,57.74,218.02,61.76,59.7209,9.7,0.35,60.471599999999995,1.0,67.1,2.24,1.4,1.2,3.0
2023-02-26,60.08,238.3,38.64,62.35229999999999,6.9,0.15,63.2021,1.0,69.26,2.24,1.4,1.0,3.0
2023-02-27,66.68,231.69,90.93,61.5993,9.75,0.45,63.658,1.0,78.05,2.24,1.4,1.8,3.0
2023-02-28,59.74,216.55,48.65,60.0129,8.9,0.35,61.8133,1.0,68.39,2.24,1.4,1.8,3.0
2023-03-01,91.26,223.14,179.5,66.3352,13.25,0.6,69.0921,0.0,113.51,2.24,1.4,0.6,1.0
2023-03-02,91.01,206.93,96.21,70.0174,8.4,0.3,71.7516,0.0,112.77,2.24,1.4,2.6,1.0
2023-03-03,96.0,229.02,139.74,68.318,10.2,0.4,70.3583,0.0,115.64,2.24,1.4,1.4,1.0
2023-03-04,90.86,240.79,107.32,69.771,10.45,0.5,72.508,0.0,117.97,2.24,1.4,0.2,1.0
2023-03-05,93.25,268.05,101.08,70.8555,7.75,0.25,73.5882,0.0,116.66,2.24,1.4,2.6,1.0
2023-03-06,88.52,298.31,73.1,67.9834,9.15,0.35,68.3912,0.0,104.78,2.24,1.4,0.4,1.0
2023-03-07,97.82,341.71,102.04,69.6704,10.1,0.4,70.9716,0.0,119.47,2.24,1.4,1.8,1.0
2023-03-08,92.43,337.52,68.46,68.8103,8.2,0.25,70.34,0.0,107.11,2.24,1.4,0.8,1.0
2023-03-09,103.36,327.95,126.6,69.3099,10.35,0.4,70.5447,0.0,120.58,2.24,1.4,2.4,1.0
2023-03-10,95.37,309.06,88.35,69.5907,9.25,0.4,72.83970000000001,0.0,112.82,2.24,1.4,1.0,1.0
2023-03-11,89.04,322.23,82.66,69.5265,7.65,0.15,68.854,0.0,106.04,2.24,1.4,1.2,1.0
2023-03-12,105.36,345.94,119.38,69.7426,9.15,0.3,70.9766,0.0,116.15,2.24,1.4,1.8,1.0
2023-03-13,95.12,312.17,94.5,69.1169,9.45,0.35,71.1601,0.0,111.67,2.24,1.4,1.0,1.0
2023-03-14,97.46,314.33,79.27,67.8184,10.25,0.45,68.1703,0.0,110.44,2.24,1.4,1.6,1.0
2023-03-15,110.36,306.18,173.32,73.00399999999999,9.7,0.4,73.5987,0.0,132.36,2.24,1.4,1.2,1.0
2023-03-16,108.21,309.75,73.98,70.4377,10.25,0.45,73.6121,0.0,125.02,2.24,1.4,0.6,1.0
2023-03-17,95.95,320.49,77.99,67.45909999999999,11.4,0.45,69.2287,0.0,113.54,2.24,1.4,1.2,1.0
2023-03-18,91.91,326.64,87.18,66.6715,10.95,0.45,70.15270000000001,0.0,111.87,2.24,1.4,1.0,1.0
2023-03-19,98.21,333.57,99.92,70.3188,8.2,0.3,70.0518,0.0,112.37,2.24,1.4,1.8,1.0
2023-03-20,91.08,329.61,75.59,68.5934,8.4,0.3,71.2943,0.0,105.86,2.24,1.4,1.2,1.0
2023-03-21,90.93,311.74,83.03,68.9651,8.55,0.25,70.51689999999999,0.0,111.5,2.24,1.4,0.2,1.0
2023-03-22,103.88,333.87,111.47,70.9932,10.05,0.4,72.2053,0.0,121.3,2.24,1.4,1.6,1.0
2023-03-23,96.97,318.57,101.18,69.0111,11.05,0.45,70.8168,0.0,118.38,2.24,1.4,0.2,1.0
2023-03-24,104.32,302.78,118.24,71.3558,8.4,0.3,73.6771,0.0,118.29,2.24,1.4,1.8,1.0
2023-03-25,102.34,289.41,122.1,71.6537,8.5,0.3,74.9961,0.0,126.17,2.24,1.4,3.0,1.0
2023-03-26,85.83,300.9,46.46,67.9029,8.8,0.25,69.3206,0.0,101.21,2.24,1.4,1.4,1.0
2023-03-27,92.53,307.07,93.01,69.5331,7.25,0.2,71.3704,0.0,105.78,2.24,1.4,0.4,1.0
2023-03-28,92.8,313.87,86.88,68.41460000000001,9.75,0.4,69.2315,0.0,110.54,2.24,1.4,0.2,1.0
2023-03-29,92.27,331.22,85.14,69.861,5.6,0.0,71.2511,0.0,103.92,2.24,1.4,0.2,1.0
2023-03-30,86.25,309.31,70.61,71.1061,4.9,0.0,72.3514,0.0,102.37,2.24,1.4,0.8,1.0
2023-03-31,94.21,307.88,78.3,70.9212,4.7,0.0,73.6942,0.0,106.24,2.24,1.4,0.8,1.0
2023-04-01,93.29,289.79,110.01,69.2642,7.8,0.2,71.2171,0.0,107.82,2.24,1.4,1.0,1.0
2023-04-02,96.12,277.91,96.89,69.5791,8.2,0.3,70.7929,0.0,111.56,2.24,1.4,0.8,1.0
2023-04-03,89.18,255.56,100.9,68.7656,6.75,0.2,68.9674,0.0,102.59,2.24,1.4,1.2,1.0
2023-04-04,86.31,265.44,94.05,67.9848,9.45,0.35,71.1954,0.0,105.5,2.24,1.4,1.0,1.0
2023-04-05,92.43,300.25,88.36,68.2154,9.85,0.45,70.5167,0.0,109.21,2.24,1.4,0.0,1.0
2023-04-06,92.43,301.33,94.78,67.9735,9.95,0.4,69.634,0.0,109.67,2.24,1.4,0.4,1.0
2023-04-07,95.77,287.39,102.3,67.0812,11.8,0.5,68.21600000000001,0.0,114.99,2.24,1.4,0.0,1.0
2023-04-08,95.58,291.06,117.02,68.5649,9.7,0.35,70.1604,0.0,111.71,2.24,1.4,1.6,1.0
2023-04-09,94.19,298.72,91.1,70.1065,9.3,0.35,71.3831,0.0,117.17,2.24,1.4,1.4,1.0
2023-04-10,102.51,299.22,99.42,70.9695,8.05,0.25,72.0928,0.0,117.78,2.24,1.4,1.2,1.0
2023-04-11,92.41,318.43,99.9,67.3517,10.35,0.45,68.5952,0.0,108.41,2.24,1.4,0.8,1.0
2023-04-12,55.07,309.51,26.08,60.353,7.6,0.25,60.421800000000005,1.0,64.64,2.24,1.4,1.2,1.0
2023-04-13,62.19,341.54,29.41,62.609300000000005,7.3,0.2,63.8646,1.0,70.0,2.24,1.4,1.2,1.0
2023-04-14,54.66,324.18,38.89,58.974799999999995,9.0,0.3,60.9824,1.0,64.14,2.24,1.4,1.2,1.0
2023-04-15,61.59,353.01,43.73,58.209700000000005,12.3,0.6,61.055200000000006,1.0,69.28,2.24,1.4,1.0,1.0
2023-04-16,63.21,322.24,63.27,60.1044,9.9,0.4,61.619099999999996,1.0,73.18,2.24,1.4,2.6,1.0
2023-04-17,61.53,294.13,45.82,59.7309,10.45,0.4,61.091899999999995,1.0,69.5,2.24,1.4,1.6,1.0
2023-04-18,54.66,289.66,46.59,61.0908,8.15,0.25,62.1456,1.0,65.37,2.24,1.4,1.8,1.0
2023-04-19,57.6,280.65,40.3,59.6696,10.0,0.45,60.8601,1.0,66.41,2.24,1.4,1.2,1.0
2023-04-20,63.6,273.62,55.58,60.42850000000001,10.4,0.4,62.4209,1.0,75.11,2.24,1.4,1.8,1.0
2023-04-21,61.43,261.8,62.54,59.4404,10.1,0.45,61.0424,1.0,68.11,2.24,1.4,1.2,1.0
2023-04-22,55.27,245.64,42.81,60.802600000000005,6.55,0.15,62.463100000000004,1.0,63.79,2.24,1.4,1.2,1.0
2023-04-23,69.31,233.52,101.12,60.2358,11.1,0.55,61.823100000000004,1.0,81.04,2.24,1.4,1.2,1.0
2023-04-24,62.4,219.23,48.62,58.425,11.35,0.5,60.140600000000006,1.0,68.91,2.24,1.4,1.4,1.0
2023-04-25,62.27,221.37,43.35,60.515,9.2,0.4,61.77269999999999,1.0,71.64,2.24,1.4,1.0,1.0
2023-04-26,61.35,220.72,77.52,61.2388,8.3,0.3,62.7456,1.0,71.27,2.24,1.4,1.0,1.0
2023-04-27,53.99,229.71,50.97,58.867700000000006,9.7,0.35,59.8388,1.0,64.42,2.24,1.4,0.8,1.0
2023-04-28,57.68,237.18,53.98,60.228199999999994,7.65,0.25,62.6854,1.0,64.3,2.24,1.4,0.6,1.0
2023-04-29,59.17,229.87,41.89,62.6844,4.55,0.0,63.6708,1.0,65.62,2.24,1.4,0.2,1.0
2023-04-30,54.46,222.35,50.04,62.1542,4.85,0.0,63.7174,1.0,65.1,2.24,1.4,1.4,1.0
2023-05-01,59.32,229.72,76.32,60.6004,8.05,0.2,62.1997,1.0,68.97,2.24,1.4,2.2,1.0
2023-05-02,67.03,217.08,84.79,60.434000000000005,10.85,0.45,62.755199999999995,1.0,77.79,2.24,1.4,2.4,1.0
2023-05-03,53.36,192.97,57.72,58.760600000000004,8.7,0.35,60.252700000000004,1.0,61.96,2.24,1.4,1.4,1.0
2023-05-04,63.85,211.15,52.19,60.8349,10.65,0.45,62.5211,1.0,74.48,2.24,1.4,1.4,1.0
2023-05-05,58.59,236.14,62.37,59.9561,8.8,0.3,61.1646,1.0,68.34,2.24,1.4,0.2,1.0
2023-05-06,63.29,252.16,56.49,62.1,8.05,0.3,64.0692,1.0,73.47,2.24,1.4,1.2,1.0
2023-05-07,64.16,237.0,63.17,59.3574,11.6,0.55,60.1914,1.0,73.52,2.24,1.4,1.8,1.0
2023-05-08,64.77,225.85,74.62,60.5225,9.85,0.45,62.1132,1.0,74.6,2.24,1.4,1.2,1.0
2023-05-09,55.85,217.2,58.12,60.2029,7.9,0.25,62.3021,1.0,65.47,2.24,1.4,1.0,1.0
2023-05-10,59.65,231.96,53.58,60.3793,9.5,0.35,61.5571,1.0,69.92,2.24,1.4,1.4,1.0
2023-05-11,62.56,237.76,71.86,59.53979999999999,12.25,0.6,60.482600000000005,1.0,73.28,2.24,1.4,1.2,1.0
2023-05-12,60.55,233.76,63.59,60.2054,9.0,0.35,61.421899999999994,1.0,69.26,2.24,1.4,1.0,1.0
2023-05-13,88.9,224.46,150.35,68.2653,8.85,0.3,70.9167,0.0,108.98,2.24,1.4,0.8,1.0
2023-05-14,89.47,221.44,113.29,68.2748,9.6,0.4,71.1782,0.0,110.43,2.24,1.4,1.0,1.0
2023-05-15,92.05,221.82,107.86,70.6868,7.55,0.1,72.0533,0.0,112.34,2.24,1.4,2.4,1.0
2023-05-16,99.57,270.27,146.26,72.85810000000001,8.6,0.3,74.867,0.0,127.59,2.24,1.4,2.0,1.0
2023-05-17,101.85,285.07,117.67,68.9527,10.95,0.45,72.0309,0.0,117.78,2.24,1.4,1.8,1.0
2023-05-18,101.7,289.88,95.4,70.0639,10.5,0.45,70.469,0.0,120.62,2.24,1.4,1.4,1.0
2023-05-19,100.65,301.09,74.78,66.01140000000001,13.05,0.55,68.8655,0.0,114.34,2.24,1.4,0.6,1.0
2023-05-20,86.43,315.37,65.91,68.47109999999999,7.65,0.3,70.5382,0.0,104.1,2.24,1.4,0.2,1.0
2023-05-21,103.17,349.09,98.51,68.9393,11.15,0.5,71.2058,0.0,118.72,2.24,1.4,1.2,1.0
2023-05-22,94.31,334.55,89.32,69.679,8.8,0.25,70.7085,0.0,112.91,2.24,1.4,1.0,1.0
2023-05-23,90.14,328.46,82.11,68.6222,6.75,0.15,71.2698,0.0,102.93,2.24,1.4,1.8,1.0
2023-05-24,95.99,307.02,125.61,71.8162,6.35,0.15,74.9734,0.0,115.54,2.24,1.4,1.4,1.0
2023-05-25,95.37,304.15,110.88,69.7079,8.7,0.35,71.2705,0.0,108.98,2.24,1.4,1.8,1.0
2023-05-26,101.67,291.57,122.17,70.3442,9.5,0.35,72.393,0.0,124.05,2.24,1.4,1.8,1.0
2023-05-27,91.9,298.39,65.62,68.0317,9.6,0.35,69.7087,0.0,106.34,2.24,1.4,1.4,1.0
2023-05-28,94.34,321.66,75.47,66.944,10.4,0.45,68.5297,0.0,112.69,2.24,1.4,0.4,1.0
2023-05-29,91.53,323.75,83.41,72.5347,4.4,0.0,75.3575,0.0,107.82,2.24,1.4,1.8,1.0
2023-05-30,86.15,341.89,69.11,68.7339,4.8,0.0,70.8196,0.0,96.33,2.24,1.4,1.4,1.0
2023-05-31,87.43,323.65,76.73,68.4624,5.45,0.0,71.2157,0.0,99.64,2.24,1.4,1.2,1.0
2023-06-01,88.85,303.61,109.32,68.50189999999999,8.15,0.3,70.5149,0.0,111.57,2.24,1.4,1.2,2.0
2023-06-02,93.32,296.96,113.42,70.6902,7.5,0.2,72.55680000000001,0.0,112.31,2.24,1.4,2.2,2.0
2023-06-03,99.46,287.21,123.3,69.42060000000001,9.25,0.35,70.2719,0.0,117.26,2.24,1.4,1.2,2.0
2023-06-04,104.86,303.48,128.66,71.08189999999999,9.7,0.35,73.0145,0.0,122.71,2.24,1.4,2.2,2.0
2023-06-05,103.07,300.05,97.72,72.31729999999999,8.7,0.35,73.6852,0.0,126.87,2.24,1.4,0.8,2.0
2023-06-06,103.74,306.39,87.25,69.0783,11.7,0.5,70.62,0.0,123.71,2.24,1.4,1.6,2.0
2023-06-07,111.59,322.21,140.2,72.0419,10.6,0.45,73.7974,0.0,132.03,2.24,1.4,1.4,2.0
2023-06-08,93.59,343.94,74.66,69.8155,8.35,0.25,70.8052,0.0,111.71,2.24,1.4,0.8,2.0
2023-06-09,99.95,341.68,98.92,71.2815,9.3,0.35,72.5561,0.0,120.93,2.24,1.4,2.0,2.0
2023-06-10,96.5,340.66,92.9,69.3251,8.9,0.35,73.9599,0.0,116.09,2.24,1.4,1.2,2.0
2023-06-11,116.79,350.96,157.74,71.4684,13.2,0.65,73.2904,0.0,137.73,2.24,1.4,1.8,2.0
2023-06-12,98.36,318.07,78.4,70.5939,6.65,0.25,71.3808,0.0,112.24,2.24,1.4,1.0,2.0
2023-06-13,99.58,334.5,82.35,71.3865,7.35,0.2,73.0377,0.0,119.18,2.24,1.4,1.4,2.0
2023-06-14,100.86,333.97,86.6,70.4926,7.4,0.25,72.2372,0.0,112.47,2.24,1.4,2.2,2.0
2023-06-15,97.47,365.5,85.09,70.8932,7.3,0.2,72.1192,0.0,117.84,2.24,1.4,0.6,2.0
2023-06-16,110.32,361.7,149.76,70.79090000000001,10.6,0.4,72.949,0.0,127.69,2.24,1.4,1.4,2.0
2023-06-17,95.33,318.71,72.38,69.9523,7.6,0.25,72.5319,0.0,110.61,2.24,1.4,1.2,2.0
2023-06-18,95.28,313.88,97.97,68.7431,9.05,0.3,71.50479999999999,0.0,113.66,2.24,1.4,0.6,2.0
2023-06-19,108.97,306.38,127.97,70.1167,9.95,0.35,73.4764,0.0,124.44,2.24,1.4,2.4,2.0
2023-06-20,114.68,349.55,134.76,73.2004,10.45,0.45,72.918,0.0,136.84,2.24,1.4,2.4,2.0
2023-06-21,97.67,316.22,71.18,70.1078,9.45,0.35,71.85640000000001,0.0,115.1,2.24,1.4,0.6,2.0
2023-06-22,99.05,348.2,92.24,70.1452,10.1,0.4,73.0964,0.0,119.18,2.24,1.4,1.2,2.0
2023-06-23,104.8,337.44,106.11,70.4609,10.05,0.45,72.8794,0.0,123.24,2.24,1.4,0.6,2.0
2023-06-24,94.35,366.2,67.86,67.0248,9.8,0.3,69.4017,0.0,106.63,2.24,1.4,0.6,2.0
2023-06-25,104.34,341.73,142.62,69.0116,11.4,0.5,70.2579,0.0,124.01,2.24,1.4,1.2,2.0
2023-06-26,103.36,328.0,93.46,70.2713,9.7,0.4,71.192,0.0,122.38,2.24,1.4,1.8,2.0
2023-06-27,97.43,328.02,71.96,69.4819,9.55,0.4,71.2835,0.0,112.98,2.24,1.4,1.6,2.0
2023-06-28,102.41,321.26,89.41,70.5968,10.65,0.45,71.278,0.0,124.95,2.24,1.4,1.6,2.0
2023-06-29,104.22,352.52,103.37,73.4826,4.75,0.0,75.3601,0.0,117.17,2.24,1.4,2.4,2.0
2023-06-30,89.9,318.61,79.27,72.6234,4.7,0.0,74.7932,0.0,109.98,2.24,1.4,1.2,2.0
2023-07-01,89.67,328.36,60.87,67.2787,7.85,0.2,71.3263,0.0,101.72,2.24,1.4,0.8,2.0
2023-07-02,109.56,318.31,188.91,72.15440000000001,9.45,0.3,75.0321,0.0,131.27,2.24,1.4,1.8,2.0
2023-07-03,110.12,293.47,145.6,73.4123,9.9,0.4,75.91760000000001,0.0,134.52,2.24,1.4,2.4,2.0
2023-07-04,108.92,285.55,110.53,70.73649999999999,11.05,0.5,73.26350000000001,0.0,128.67,2.24,1.4,0.0,2.0
2023-07-05,98.3,295.4,62.26,72.68480000000001,8.15,0.35,73.509,0.0,118.35,2.24,1.4,0.2,2.0
2023-07-06,95.22,362.13,82.63,66.7675,11.85,0.55,68.8168,0.0,115.51,2.24,1.4,1.0,2.0
2023-07-07,97.05,372.6,69.55,69.6374,7.9,0.25,70.5132,0.0,111.9,2.24,1.4,0.4,2.0
2023-07-08,118.58,355.57,196.04,72.3926,11.95,0.55,75.7209,0.0,140.93,2.24,1.4,2.4,2.0
2023-07-09,101.17,324.13,100.87,71.1499,8.6,0.3,71.90220000000001,0.0,119.75,2.24,1.4,1.4,2.0
2023-07-10,99.72,298.11,87.98,70.9676,9.65,0.35,73.6026,0.0,120.4,2.24,1.4,0.8,2.0
2023-07-11,96.82,331.42,77.02,70.5659,8.4,0.35,72.7032,0.0,115.55,2.24,1.4,1.2,2.0
2023-07-12,103.85,376.06,72.33,70.7142,7.4,0.2,72.9742,0.0,116.99,2.24,1.4,1.4,2.0
2023-07-13,101.91,357.52,102.65,70.85640000000001,9.8,0.35,72.5266,0.0,119.33,2.24,1.4,1.0,2.0
2023-07-14,101.01,335.12,91.55,69.45689999999999,8.5,0.25,71.696,0.0,114.94,2.24,1.4,0.4,2.0
2023-07-15,93.46,330.21,94.78,68.7776,8.9,0.35,69.9228,0.0,112.75,2.24,1.4,1.4,2.0
2023-07-16,97.5,321.71,111.97,70.7049,9.75,0.35,73.05810000000001,0.0,120.25,2.24,1.4,1.2,2.0
2023-07-17,110.93,326.29,148.03,72.7986,9.2,0.4,75.36399999999999,0.0,131.44,2.24,1.4,1.4,2.0
2023-07-18,95.41,314.47,57.34,68.04390000000001,8.7,0.3,70.36449999999999,0.0,110.05,2.24,1.4,1.2,2.0
2023-07-19,100.93,328.79,111.65,68.1592,11.15,0.45,70.0463,0.0,118.13,2.24,1.4,1.2,2.0
2023-07-20,94.63,309.6,89.03,70.0099,8.45,0.3,71.0087,0.0,110.36,2.24,1.4,0.8,2.0
2023-07-21,98.84,353.63,75.12,70.3196,7.35,0.15,72.8497,0.0,112.06,2.24,1.4,1.8,2.0
2023-07-22,100.32,320.51,128.71,68.6654,12.35,0.6,70.1642,0.0,121.01,2.24,1.4,1.0,2.0
2023-07-23,102.6,335.58,121.34,69.8774,8.9,0.4,71.0142,0.0,115.88,2.24,1.4,0.8,2.0
2023-07-24,96.37,304.57,90.84,69.2574,8.6,0.25,71.33269999999999,0.0,114.39,2.24,1.4,1.4,2.0
2023-07-25,104.05,315.33,99.77,71.5416,8.55,0.3,73.5919,0.0,119.08,2.24,1.4,1.8,2.0
2023-07-26,111.88,339.71,142.77,74.0269,9.1,0.35,76.2871,0.0,134.11,2.24,1.4,1.2,2.0
2023-07-27,101.09,320.76,106.04,69.7285,10.35,0.4,71.1644,0.0,122.55,2.24,1.4,0.2,2.0
2023-07-28,111.34,325.04,128.1,73.9332,10.5,0.5,74.5496,0.0,137.06,2.24,1.4,1.4,2.0
2023-07-29,92.81,358.33,47.5,72.2917,5.45,0.0,73.6176,0.0,112.42,2.24,1.4,0.8,2.0
2023-07-30,102.54,374.26,67.9,72.9266,4.2,0.0,74.4845,0.0,114.19,2.24,1.4,2.0,2.0
2023-07-31,87.35,389.26,74.6,70.375,5.55,0.0,72.4505,0.0,103.9,2.24,1.4,1.4,2.0
2023-08-01,109.1,364.88,144.16,70.2921,11.85,0.55,71.54220000000001,0.0,129.92,2.24,1.4,1.4,2.0
2023-08-02,108.24,317.92,119.84,72.00189999999999,10.15,0.4,74.0578,0.0,130.62,2.24,1.4,0.6,2.0
2023-08-03,104.46,306.13,101.7,70.9511,10.4,0.4,72.3873,0.0,122.67,2.24,1.4,1.2,2.0
2023-08-04,97.93,314.83,91.08,69.6641,9.8,0.3,72.0852,0.0,118.57,2.24,1.4,1.4,2.0
2023-08-05,103.39,327.5,107.08,69.7708,10.75,0.45,72.2621,0.0,122.17,2.24,1.4,0.8,2.0
2023-08-06,102.2,346.76,114.32,70.1983,10.35,0.4,72.4349,0.0,123.7,2.24,1.4,0.2,2.0
2023-08-07,91.64,357.73,64.13,69.9733,6.5,0.1,72.7535,0.0,110.04,2.24,1.4,0.6,2.0
2023-08-08,111.64,338.13,137.46,71.3958,10.35,0.45,72.3781,0.0,130.73,2.24,1.4,0.6,2.0
2023-08-09,104.56,337.45,92.88,69.7207,11.55,0.5,72.12010000000001,0.0,121.02,2.24,1.4,1.4,2.0
2023-08-10,118.56,323.87,154.76,72.6434,11.2,0.5,74.9546,0.0,139.36,2.24,1.4,1.2,2.0
2023-08-11,107.7,310.81,111.15,71.8968,11.0,0.5,73.015,0.0,129.98,2.24,1.4,1.4,2.0
2023-08-12,98.09,341.58,87.03,70.9095,8.25,0.3,73.0386,0.0,116.14,2.24,1.4,1.8,2.0
2023-08-13,100.03,332.97,82.72,70.0182,10.25,0.4,70.9102,0.0,115.47,2.24,1.4,1.6,2.0
2023-08-14,99.25,373.69,111.19,71.6796,7.2,0.25,73.07260000000001,0.0,118.87,2.24,1.4,1.8,2.0
2023-08-15,105.61,359.75,120.64,72.5279,7.05,0.2,75.6156,0.0,122.2,2.24,1.4,3.0,2.0
2023-08-16,103.56,335.17,100.4,72.4609,8.2,0.25,73.5281,0.0,124.74,2.24,1.4,1.0,2.0
2023-08-17,103.52,356.61,68.3,71.0887,8.75,0.35,72.0887,0.0,121.13,2.24,1.4,0.8,2.0
2023-08-18,104.47,351.6,104.97,69.19,10.7,0.45,69.9471,0.0,116.82,2.24,1.4,0.8,2.0
2023-08-19,96.94,369.97,93.36,70.5486,7.75,0.25,72.3952,0.0,115.96,2.24,1.4,0.8,2.0
2023-08-20,99.8,346.23,118.94,71.0286,8.5,0.25,71.5916,0.0,121.3,2.24,1.4,0.4,2.0
2023-08-21,97.83,338.69,101.7,66.3679,12.2,0.55,69.3546,0.0,116.57,2.24,1.4,1.0,2.0
2023-08-22,104.77,359.79,98.71,69.6373,10.5,0.45,73.2375,0.0,123.19,2.24,1.4,0.8,2.0
2023-08-23,100.46,352.1,101.74,70.1949,10.4,0.4,71.9616,0.0,118.49,2.24,1.4,1.2,2.0
2023-08-24,100.42,365.52,80.96,70.8075,7.75,0.2,71.0478,0.0,114.4,2.24,1.4,0.6,2.0
2023-08-25,98.99,342.52,75.01,69.2379,8.6,0.25,70.01480000000001,0.0,109.02,2.24,1.4,1.2,2.0
2023-08-26,97.4,327.67,99.83,69.8681,9.0,0.3,70.5658,0.0,117.27,2.24,1.4,1.6,2.0
2023-08-27,107.78,328.48,115.6,72.5271,10.35,0.4,74.66159999999999,0.0,131.36,2.24,1.4,2.0,2.0
2023-08-28,95.33,334.68,77.94,69.94409999999999,7.65,0.2,72.4199,0.0,110.91,2.24,1.4,0.6,2.0
2023-08-29,91.22,331.6,57.71,69.7889,5.0,0.0,71.7028,0.0,103.32,2.24,1.4,0.6,2.0
2023-08-30,103.22,325.13,123.31,73.498,5.2,0.0,74.4417,0.0,120.47,2.24,1.4,1.8,2.0
2023-08-31,90.51,305.56,99.4,70.7624,4.75,0.0,74.413,0.0,107.03,2.24,1.4,1.0,2.0
2023-09-01,95.32,294.3,121.48,68.79260000000001,9.55,0.35,71.3587,0.0,110.96,2.24,1.4,1.2,0.0
2023-09-02,84.17,263.88,72.66,65.73949999999999,9.95,0.35,67.3396,0.0,97.45,2.24,1.4,1.6,0.0
2023-09-03,90.07,306.14,86.33,68.998,9.25,0.35,71.7116,0.0,110.39,2.24,1.4,1.0,0.0
2023-09-04,90.09,328.57,84.18,69.6088,8.45,0.3,70.5679,0.0,107.48,2.24,1.4,1.0,0.0
2023-09-05,102.09,349.56,132.38,69.69720000000001,10.85,0.45,72.8597,0.0,122.72,2.24,1.4,2.4,0.0
2023-09-06,93.16,312.7,87.05,68.5544,8.1,0.3,69.738,0.0,108.43,2.24,1.4,2.0,0.0
2023-09-07,91.92,352.08,74.61,66.131,11.3,0.5,69.3331,0.0,105.8,2.24,1.4,0.8,0.0
2023-09-08,89.6,329.22,60.12,66.9205,8.1,0.25,68.8293,0.0,97.54,2.24,1.4,1.6,0.0
2023-09-09,91.26,334.72,85.41,68.32130000000001,9.8,0.45,69.5651,0.0,106.66,2.24,1.4,1.2,0.0
2023-09-10,94.07,331.5,103.35,67.6441,10.75,0.45,69.3062,0.0,107.07,2.24,1.4,0.8,0.0
2023-09-11,102.43,300.73,126.98,70.6006,8.4,0.3,71.40140000000001,0.0,114.62,2.24,1.4,2.0,0.0
2023-09-12,87.38,283.94,72.7,69.0466,7.3,0.15,69.5975,0.0,101.63,2.24,1.4,0.4,0.0
2023-09-13,89.85,295.33,90.22,67.67569999999999,10.1,0.4,70.8858,0.0,111.36,2.24,1.4,1.8,0.0
2023-09-14,94.7,324.26,71.35,68.8003,9.75,0.35,71.09609999999999,0.0,107.98,2.24,1.4,2.0,0.0
2023-09-15,93.86,306.28,94.74,67.1964,11.05,0.5,68.6846,0.0,108.91,2.24,1.4,0.2,0.0
2023-09-16,89.57,301.93,91.61,67.9435,8.9,0.35,68.8115,0.0,101.79,2.24,1.4,1.6,0.0
2023-09-17,96.6,295.24,93.59,69.50970000000001,8.8,0.35,72.1953,0.0,109.44,2.24,1.4,0.0,0.0
2023-09-18,91.73,289.12,123.66,67.09,10.2,0.4,69.0359,0.0,104.0,2.24,1.4,0.8,0.0
2023-09-19,94.38,275.71,83.27,69.64309999999999,8.2,0.35,71.6891,0.0,109.23,2.24,1.4,1.2,0.0
2023-09-20,85.96,265.25,79.51,69.9007,6.55,0.15,70.7912,0.0,103.27,2.24,1.4,2.0,0.0
2023-09-21,88.88,305.62,86.06,68.9747,7.85,0.2,71.00569999999999,0.0,104.94,2.24,1.4,1.6,0.0
2023-09-22,97.32,330.14,105.77,66.90100000000001,12.35,0.6,69.0489,0.0,111.95,2.24,1.4,1.6,0.0
2023-09-23,109.11,295.02,126.56,71.2031,10.0,0.45,73.5145,0.0,119.64,2.24,1.4,1.8,0.0
2023-09-24,84.79,287.29,83.07,67.1421,8.9,0.35,68.405,0.0,102.61,2.24,1.4,1.8,0.0
2023-09-25,93.86,292.96,61.01,69.3045,8.3,0.3,71.7875,0.0,107.39,2.24,1.4,2.0,0.0
2023-09-26,88.6,315.27,51.63,67.8435,7.85,0.2,69.95020000000001,0.0,100.7,2.24,1.4,0.6,0.0
2023-09-27,91.44,318.0,133.95,68.1437,9.0,0.35,69.08449999999999,0.0,106.86,2.24,1.4,1.0,0.0
2023-09-28,93.41,291.7,88.55,68.1654,10.9,0.5,70.0014,0.0,108.66,2.24,1.4,1.2,0.0
2023-09-29,87.21,276.86,79.39,70.3843,4.9,0.0,71.1341,0.0,103.36,2.24,1.4,1.4,0.0
2023-09-30,77.23,287.05,68.96,68.1715,4.4,0.0,71.9484,0.0,90.41,2.24,1.4,2.0,0.0
2023-10-01,94.29,299.92,105.53,69.5817,7.95,0.25,70.3201,0.0,106.47,2.24,1.4,1.8,0.0
2023-10-02,103.94,283.39,149.83,69.0881,12.15,0.55,71.9486,0.0,123.69,2.24,1.4,2.0,0.0
2023-10-03,86.85,264.87,60.45,67.49810000000001,7.9,0.3,69.555,0.0,98.97,2.24,1.4,0.8,0.0
2023-10-04,91.41,282.2,77.13,68.6944,8.35,0.3,71.0767,0.0,105.47,2.24,1.4,0.4,0.0
2023-10-05,92.59,315.74,83.37,68.6875,7.15,0.25,71.47970000000001,0.0,103.46,2.24,1.4,2.4,0.0
2023-10-06,93.54,304.31,108.12,69.4946,8.25,0.25,71.1124,0.0,107.98,2.24,1.4,0.8,0.0
2023-10-07,55.01,292.52,26.72,58.9217,9.95,0.4,60.6338,1.0,65.34,2.24,1.4,1.2,0.0
2023-10-08,60.5,308.9,44.37,59.3813,10.0,0.45,60.7993,1.0,70.36,2.24,1.4,1.0,0.0
2023-10-09,61.31,309.0,45.89,59.343999999999994,9.75,0.35,60.336099999999995,1.0,68.19,2.24,1.4,0.8,0.0
2023-10-10,56.14,321.97,48.47,58.8696,9.5,0.35,62.708,1.0,64.23,2.24,1.4,0.8,0.0
2023-10-11,57.7,301.09,35.51,60.4379,7.8,0.25,62.1351,1.0,67.92,2.24,1.4,2.0,0.0
2023-10-12,66.13,292.04,66.97,60.2308,11.15,0.55,62.3865,1.0,74.46,2.24,1.4,1.2,0.0
2023-10-13,58.58,275.56,58.77,60.0257,9.3,0.35,60.346000000000004,1.0,68.55,2.24,1.4,1.6,0.0
2023-10-14,58.05,254.92,49.56,59.570100000000004,10.4,0.4,61.676899999999996,1.0,67.04,2.24,1.4,1.4,0.0
2023-10-15,58.47,238.09,61.39,61.77270000000001,6.6,0.15,63.9238,1.0,69.42,2.24,1.4,1.0,0.0
2023-10-16,55.09,256.01,37.06,61.111000000000004,6.9,0.2,63.3498,1.0,63.48,2.24,1.4,0.8,0.0
2023-10-17,69.04,241.72,81.19,61.408699999999996,11.3,0.45,61.9626,1.0,77.26,2.24,1.4,1.6,0.0
2023-10-18,59.91,233.17,49.01,58.4155,12.4,0.6,60.1445,1.0,69.9,2.24,1.4,0.8,0.0
2023-10-19,64.61,239.67,65.31,59.953199999999995,11.25,0.55,60.3212,1.0,72.56,2.24,1.4,2.2,0.0
2023-10-20,59.32,240.09,48.35,59.324600000000004,8.65,0.3,62.0443,1.0,65.84,2.24,1.4,2.4,0.0
2023-10-21,60.96,234.48,70.03,60.5105,9.35,0.4,61.7452,1.0,70.74,2.24,1.4,1.6,0.0
2023-10-22,58.54,227.51,39.82,58.845,9.95,0.3,60.4537,1.0,64.91,2.24,1.4,1.4,0.0
2023-10-23,64.66,231.54,88.27,60.472300000000004,11.75,0.55,62.055,1.0,73.41,2.24,1.4,1.4,0.0
2023-10-24,51.17,219.01,36.82,60.728699999999996,6.75,0.15,60.6278,1.0,58.59,2.24,1.4,2.2,0.0
2023-10-25,96.48,227.38,194.52,69.8844,9.75,0.4,71.6916,0.0,115.83,2.24,1.4,1.0,0.0
2023-10-26,87.93,195.47,133.34,67.8567,11.1,0.4,69.237,0.0,114.02,2.24,1.4,1.2,0.0
2023-10-27,88.42,213.8,97.48,71.0065,7.05,0.15,71.5835,0.0,108.99,2.24,1.4,2.4,0.0
2023-10-28,98.25,254.04,111.91,69.76989999999999,10.35,0.4,72.33,0.0,121.7,2.24,1.4,2.6,0.0
2023-10-29,83.76,305.36,56.2,69.0622,5.0,0.0,70.2366,0.0,98.43,2.24,1.4,1.6,0.0
2023-10-30,80.96,326.91,45.27,68.734,4.6,0.0,70.3374,0.0,94.52,2.24,1.4,0.8,0.0
2023-10-31,79.13,342.35,71.67,69.1675,4.55,0.0,72.4683,0.0,94.17,2.24,1.4,1.8,0.0
2023-11-01,95.48,323.24,116.25,69.3189,10.0,0.4,70.42399999999999,0.0,110.37,2.24,1.4,0.8,0.0
2023-11-02,100.28,294.79,125.7,69.9682,10.15,0.4,71.6515,0.0,118.49,2.24,1.4,2.4,0.0
2023-11-03,94.26,282.04,84.12,65.7741,11.45,0.5,68.67779999999999,0.0,106.28,2.24,1.4,0.6,0.0
2023-11-04,90.49,261.64,94.0,67.2454,10.5,0.4,67.77680000000001,0.0,107.63,2.24,1.4,1.8,0.0
2023-11-05,90.15,300.84,89.33,68.1031,10.15,0.4,69.5943,0.0,106.18,2.24,1.4,1.2,0.0
2023-11-06,80.09,298.32,52.79,68.7025,6.05,0.1,69.0878,0.0,95.87,2.24,1.4,1.8,0.0
2023-11-07,92.19,319.62,100.47,69.1847,8.2,0.25,72.1867,0.0,107.65,2.24,1.4,2.0,0.0
2023-11-08,94.49,309.69,103.17,67.044,11.75,0.5,69.1014,0.0,112.83,2.24,1.4,2.0,0.0
2023-11-09,92.77,289.26,95.57,68.3133,9.45,0.35,68.4388,0.0,107.01,2.24,1.4,1.0,0.0
2023-11-10,90.52,278.72,92.91,67.29390000000001,9.35,0.35,69.4032,0.0,103.96,2.24,1.4,1.2,0.0
2023-11-11,96.41,290.46,92.46,69.9292,8.4,0.3,71.9193,0.0,113.53,2.24,1.4,2.0,0.0
2023-11-12,94.6,302.93,100.86,67.8176,11.45,0.45,69.6737,0.0,113.09,2.24,1.4,1.6,0.0
2023-11-13,90.78,304.9,79.96,67.459,9.6,0.35,68.8208,0.0,105.43,2.24,1.4,1.4,0.0
2023-11-14,90.93,302.24,102.38,67.01010000000001,9.45,0.35,70.0016,0.0,102.39,2.24,1.4,1.2,0.0
2023-11-15,95.12,293.19,99.9,68.4144,11.1,0.5,70.5557,0.0,113.53,2.24,1.4,2.2,0.0
2023-11-16,89.87,298.9,76.72,70.548,6.05,0.15,71.93,0.0,102.98,2.24,1.4,0.4,0.0
2023-11-17,86.05,297.59,68.32,68.2971,7.95,0.3,68.8629,0.0,99.34,2.24,1.4,1.8,0.0
2023-11-18,97.14,308.87,127.88,68.0936,12.85,0.6,69.9048,0.0,115.87,2.24,1.4,2.6,0.0
2023-11-19,93.62,291.07,105.94,69.6901,8.95,0.35,71.16890000000001,0.0,112.72,2.24,1.4,1.8,0.0
2023-11-20,87.15,291.47,53.81,68.438,9.05,0.3,67.2335,0.0,98.17,2.24,1.4,0.8,0.0
2023-11-21,90.86,296.76,107.38,67.2335,10.3,0.4,68.4448,0.0,105.78,2.24,1.4,1.8,0.0
2023-11-22,94.83,302.92,88.59,69.9887,9.95,0.35,70.89529999999999,0.0,113.07,2.24,1.4,1.6,0.0
2023-11-23,93.76,300.66,84.47,67.6872,11.2,0.5,70.1397,0.0,110.8,2.24,1.4,0.6,0.0
2023-11-24,88.38,306.21,86.28,68.0234,7.7,0.2,69.1592,0.0,103.16,2.24,1.4,0.4,0.0
2023-11-25,85.91,288.94,90.97,66.97489999999999,9.7,0.35,69.7319,0.0,101.58,2.24,1.4,1.6,0.0
2023-11-26,90.44,304.36,91.55,67.44810000000001,9.6,0.4,67.7049,0.0,103.54,2.24,1.4,2.2,0.0
2023-11-27,95.4,297.12,112.4,70.5692,8.35,0.25,72.3612,0.0,113.18,2.24,1.4,2.0,0.0
2023-11-28,84.04,289.24,66.75,67.1805,8.15,0.25,70.2849,0.0,99.05,2.24,1.4,1.0,0.0
2023-11-29,91.97,307.68,87.98,72.2179,4.8,0.0,74.2458,0.0,106.1,2.24,1.4,2.6,0.0
2023-11-30,87.76,296.54,66.23,70.34859999999999,4.85,0.0,72.1758,0.0,98.9,2.24,1.4,0.4,0.0
2023-12-01,94.66,297.28,148.95,70.12010000000001,10.5,0.4,70.7152,0.0,116.26,2.24,1.4,1.6,3.0
2023-12-02,103.62,283.43,113.52,69.9996,10.3,0.45,71.8848,0.0,118.16,2.24,1.4,0.4,3.0
2023-12-03,94.83,272.3,74.88,68.9557,9.05,0.35,71.04230000000001,0.0,111.43,2.24,1.4,1.4,3.0
2023-12-04,96.87,301.19,92.24,68.9497,10.5,0.4,70.9892,0.0,111.5,2.24,1.4,1.6,3.0
2023-12-05,91.29,323.81,110.34,69.5487,8.9,0.35,71.6241,0.0,109.42,2.24,1.4,1.6,3.0
2023-12-06,113.27,324.52,145.88,71.1732,11.55,0.55,72.1443,0.0,127.01,2.24,1.4,3.0,3.0
2023-12-07,99.15,290.68,82.4,71.6854,7.05,0.2,72.6206,0.0,114.61,2.24,1.4,1.2,3.0
2023-12-08,94.3,304.36,73.34,69.9511,8.9,0.3,72.0195,0.0,109.67,2.24,1.4,0.8,3.0
2023-12-09,87.69,324.03,41.97,66.9636,9.95,0.35,69.1942,0.0,103.02,2.24,1.4,2.4,3.0
2023-12-10,96.24,333.44,109.2,67.93260000000001,9.75,0.35,69.60600000000001,0.0,107.7,2.24,1.4,1.6,3.0
2023-12-11,87.67,324.75,79.72,65.1093,11.0,0.4,67.8985,0.0,96.79,2.24,1.4,2.0,3.0
2023-12-12,95.84,296.98,142.99,69.14659999999999,11.85,0.55,71.09649999999999,0.0,118.53,2.24,1.4,2.4,3.0
2023-12-13,105.08,281.8,98.98,71.7624,8.55,0.25,73.2611,0.0,119.92,2.24,1.4,2.4,3.0
2023-12-14,97.45,287.34,94.36,70.7266,7.3,0.2,73.2162,0.0,113.85,2.24,1.4,1.8,3.0
2023-12-15,90.9,300.8,88.25,68.0278,10.3,0.4,70.6499,0.0,109.94,2.24,1.4,2.2,3.0
2023-12-16,91.61,317.37,105.76,66.4388,10.45,0.4,69.0341,0.0,104.45,2.24,1.4,1.4,3.0
2023-12-17,91.84,317.09,71.94,68.2968,10.95,0.5,69.9738,0.0,111.06,2.24,1.4,0.4,3.0
2023-12-18,102.82,300.24,119.93,71.1565,9.35,0.35,73.67479999999999,0.0,118.9,2.24,1.4,1.6,3.0
2023-12-19,92.49,295.64,103.14,71.0602,7.9,0.3,72.1013,0.0,113.31,2.24,1.4,2.2,3.0
2023-12-20,89.16,326.2,85.67,70.1065,8.0,0.25,71.66810000000001,0.0,106.32,2.24,1.4,2.2,3.0
2023-12-21,106.93,345.9,105.43,71.8096,9.35,0.3,74.9497,0.0,123.96,2.24,1.4,2.4,3.0
2023-12-22,97.83,318.25,99.49,68.7184,10.75,0.5,70.2542,0.0,116.91,2.24,1.4,2.0,3.0
2023-12-23,95.88,328.07,63.93,67.774,9.6,0.4,68.3884,0.0,110.32,2.24,1.4,1.6,3.0
2023-12-24,104.91,318.29,121.81,70.0927,9.25,0.35,72.7585,0.0,119.2,2.24,1.4,1.6,3.0
2023-12-25,86.39,324.83,79.08,67.46560000000001,8.1,0.25,71.2664,0.0,98.71,2.24,1.4,1.6,3.0
2023-12-26,96.87,314.78,92.52,70.8887,8.0,0.25,72.40180000000001,0.0,115.44,2.24,1.4,2.0,3.0
2023-12-27,61.36,277.54,42.81,60.786899999999996,10.4,0.4,61.739399999999996,1.0,71.8,2.24,1.4,1.8,3.0
2023-12-28,60.29,356.55,36.04,61.3142,7.6,0.25,64.259,1.0,70.06,2.24,1.4,2.0,3.0
2023-12-29,62.67,337.98,49.55,64.1279,4.1,0.0,65.3545,1.0,69.41,2.24,1.4,2.6,3.0
2023-12-30,53.16,318.35,40.52,61.8922,4.95,0.0,62.9561,1.0,62.23,2.24,1.4,1.4,3.0
2023-12-31,57.83,315.9,32.92,62.2768,4.8,0.0,64.02590000000001,1.0,64.0,2.24,1.4,1.6,3.0
2024-01-01,60.3,306.22,46.12,60.3975,8.95,0.35,61.8564,1.0,69.34,2.24,1.4,0.6,3.0
2024-01-02,61.06,278.66,50.73,61.930699999999995,7.5,0.25,63.8737,1.0,71.75,2.24,1.4,1.6,3.0
2024-01-03,62.68,283.66,59.94,60.2612,10.3,0.4,62.038000000000004,1.0,71.1,2.24,1.4,0.8,3.0
2024-01-04,56.61,257.11,58.8,59.5479,9.0,0.35,63.037600000000005,1.0,64.3,2.24,1.4,1.8,3.0
2024-01-05,65.98,235.59,84.68,59.7922,12.25,0.55,61.8054,1.0,77.07,2.24,1.4,2.4,3.0
2024-01-06,66.55,233.3,58.25,61.093,9.0,0.25,62.8319,1.0,73.02,2.24,1.4,0.6,3.0
2024-01-07,60.03,226.34,63.62,60.973800000000004,8.45,0.35,62.0565,1.0,69.46,2.24,1.4,1.8,3.0
2024-01-08,56.2,235.78,63.49,61.2001,9.6,0.4,62.4079,1.0,71.43,2.24,1.4,1.6,3.0
2024-01-09,85.33,254.13,114.87,66.1692,9.5,0.4,69.0892,0.0,100.83,2.24,1.4,1.6,3.0
2024-01-10,82.77,241.66,134.23,67.3651,8.2,0.3,69.2322,0.0,100.6,2.24,1.4,1.2,3.0
2024-01-11,93.23,243.08,122.58,68.2043,11.05,0.4,70.6737,0.0,113.24,2.24,1.4,2.4,3.0
2024-01-12,85.08,237.53,84.17,68.95609999999999,8.8,0.25,69.2044,0.0,106.48,2.24,1.4,1.0,3.0
2024-01-13,99.26,283.03,88.05,69.8462,10.75,0.4,71.47149999999999,0.0,118.44,2.24,1.4,1.2,3.0
2024-01-14,89.9,293.11,88.06,69.2188,6.55,0.15,71.7344,0.0,101.86,2.24,1.4,0.8,3.0
2024-01-15,86.71,312.3,86.28,68.2943,7.6,0.15,70.7851,0.0,105.23,2.24,1.4,0.6,3.0
2024-01-16,90.78,303.33,84.77,65.9708,12.3,0.55,67.2461,0.0,104.37,2.24,1.4,1.6,3.0
2024-01-17,87.36,300.81,84.62,66.807,10.1,0.35,67.9523,0.0,101.22,2.24,1.4,0.8,3.0
2024-01-18,94.29,316.62,105.59,69.7633,8.75,0.3,71.47019999999999,0.0,113.01,2.24,1.4,2.2,3.0
2024-01-19,79.9,326.37,59.23,66.1842,7.5,0.25,67.817,0.0,90.17,2.24,1.4,2.2,3.0
2024-01-20,109.14,311.92,144.59,73.1811,10.25,0.45,74.824,0.0,128.46,2.24,1.4,3.0,3.0
2024-01-21,85.63,290.75,73.02,66.6865,11.3,0.45,68.8057,0.0,103.48,2.24,1.4,1.2,3.0
2024-01-22,96.39,298.18,137.35,70.5339,9.8,0.4,72.1713,0.0,119.27,2.24,1.4,2.2,3.0
2024-01-23,83.7,315.12,48.21,66.25399999999999,8.3,0.25,68.7106,0.0,94.79,2.24,1.4,1.2,3.0
2024-01-24,100.51,318.66,90.95,67.09909999999999,12.85,0.55,68.7761,0.0,113.86,2.24,1.4,1.4,3.0
2024-01-25,100.28,314.76,81.24,71.1391,8.25,0.3,72.8876,0.0,117.94,2.24,1.4,2.4,3.0
2024-01-26,91.84,329.25,101.85,70.8404,8.85,0.3,72.6634,0.0,111.82,2.24,1.4,1.6,3.0
2024-01-27,95.98,320.92,102.4,67.4838,11.65,0.55,70.9084,0.0,115.4,2.24,1.4,1.8,3.0
2024-01-28,99.42,293.58,113.43,69.90100000000001,9.25,0.35,72.1593,0.0,114.4,2.24,1.4,0.6,3.0
2024-01-29,88.02,295.78,60.91,71.0631,5.1,0.0,70.1859,0.0,102.68,2.24,1.4,1.4,3.0
2024-01-30,84.25,290.49,51.7,70.1447,4.85,0.0,70.391,0.0,96.57,2.24,1.4,2.2,3.0
